,0,1,2,3,4,5,6,7,8,9,10,11,12,13,14,O*NET-SOC Code,round O*NET-SOC Code
n000001,0,0,0,0,0,0,0,0,0,0,0,0,0,0,0,113031,113031
n000002,0,0,0,0,0,0,0,0,0,0,0,0,0,0,0,113031,113031
n000003,0,0,0,0,0,0,0,0,0,0,0,0,0,0,0,113031,113031
n000004,0,0,0,0,0,0,0,0,0,0,0,0,0,0,0,113031,113031
n000005,0,0,0,0,0,0,0,0,0,0,0,0,0,0,0,113031,113031
n000006,0,0,0,0,0,0,0,0,0,0,0,0,0,0,0,113031,113031
n000007,0,0,0,0,0,0,0,0,0,0,0,0,0,0,0,113031,113031
n000008,0,0,0,0,0,0,0,0,0,0,0,0,0,0,0,113031,113031
n000009,0,0,0,0,0,0,0,0,0,0,0,0,0,0,0,113031,113031
n000010,0,0,0,0,0,0,0,0,0,0,0,0,0,0,0,113031,113031
n000011,0,0,0,0,0,0,0,0,0,0,0,0,0,0,0,113031,113031
n000012,0,0,0,0,0,0,0,0,0,0,0,0,0,0,0,113031,113031
n000013,0,0,0,0,0,0,0,0,0,0,0,0,0,0,0,113031,113031
n000014,0,0,0,0,0,0,0,0,0,0,0,0,0,0,0,113031,113031
n000015,0,0,0,0,0,0,0,0,0,0,0,0,0,0,0,113031,113031
n000016,0,0,0,0,0,0,0,0,0,0,0,0,0,0,0,113031,113031
n000017,0,0,0,0,0,0,0,0,0,0,0,0,0,0,0,113031,113031
n000018,0,0,0,0,0,0,0,0,0,0,0,0,0,0,0,113031,113031
n000019,0,0,0,0,0,0,0,0,0,0,0,0,0,0,0,113031,113031
n000020,0,0,0,0,0,0,0,0,0,0,0,0,0,0,0,113031,113031
n000021,0,0,0,0,0,0,0,0,0,0,0,0,0,0,0,113031,113031
n000022,0,0,0,0,0,0,0,0,0,0,0,0,0,0,0,113031,113031
n000023,0,0,0,0,0,0,0,0,0,0,0,0,0,0,0,113031,113031
n000024,0,0,0,0,0,0,0,0,0,0,0,0,0,0,0,113031,113031
n000025,0,0,0,0,0,0,0,0,0,0,0,0,0,0,0,113031,113031
n000026,0,0,0,0,0,0,0,0,0,0,0,0,0,0,0,113031,113031
n000027,0,0,0,0,0,0,0,0,0,0,0,0,0,0,0,113031,113031
n000028,0,0,0,0,0,0,0,0,0,0,0,0,0,0,0,113031,113031
n000029,0,0,0,0,0,0,0,0,0,0,0,0,0,0,0,113031,113031
n000030,0,0,0,0,0,0,0,0,0,0,0,0,0,0,0,113031,113031
n000031,0,0,0,0,0,0,0,0,0,0,0,0,0,0,0,113031,113031
n000032,0,0,0,0,0,0,0,0,0,0,0,0,0,0,0,113031,113031
n000033,0,0,0,0,0,0,0,0,0,0,0,0,0,0,0,113031,113031
n000034,0,0,0,0,0,0,0,0,0,0,0,0,0,0,0,113031,113031
n000035,0,0,0,0,0,0,0,0,0,0,0,0,0,0,0,113031,113031
n000036,0,0,0,0,0,0,0,0,0,0,0,0,0,0,0,113031,113031
n000037,0,0,0,0,0,0,0,0,0,0,0,0,0,0,0,113031,113031
n000038,0,0,0,0,0,0,0,0,0,0,0,0,0,0,0,113031,113031
n000039,0,0,0,0,0,0,0,0,0,0,0,0,0,0,0,113031,113031
n000040,0,0,0,0,0,0,0,0,0,0,0,0,0,0,0,113031,113031
n000041,0,0,0,0,0,0,0,0,0,0,0,0,0,0,0,113031,113031
n000042,0,0,0,0,0,0,0,0,0,0,0,0,0,0,0,113031,113031
n000043,0,0,0,0,0,0,0,0,0,0,0,0,0,0,0,113031,113031
n000044,0,0,0,0,0,0,0,0,0,0,0,0,0,0,0,113031,113031
n000045,0,0,0,0,0,0,0,0,0,0,0,0,0,0,0,113031,113031
n000046,0,0,0,0,0,0,0,0,0,0,0,0,0,0,0,113031,113031
n000047,0,0,0,0,0,0,0,0,0,0,0,0,0,0,0,113031,113031
n000048,0,0,0,0,0,0,0,0,0,0,0,0,0,0,0,113031,113031
n000049,0,0,0,0,0,0,0,0,0,0,0,0,0,0,0,113031,113031
n000050,0,0,0,0,0,0,0,0,0,0,0,0,0,0,0,113031,113031
n000051,0,0,0,0,0,0,0,0,0,0,0,0,0,0,0,113031,113031
n000052,0,0,0,0,0,0,0,0,0,0,0,0,0,0,0,113031,113031
n000053,0,0,0,0,0,0,0,0,0,0,0,0,0,0,0,113031,113031
n000054,0,0,0,0,0,0,0,0,0,0,0,0,0,0,0,113031,113031
n000055,0,0,0,0,0,0,0,0,0,0,0,0,0,0,0,113031,113031
n000056,0,0,0,0,0,0,0,0,0,0,0,0,0,0,0,113031,113031
n000057,0,0,0,0,0,0,0,0,0,0,0,0,0,0,0,113031,113031
n000058,0,0,0,0,0,0,0,0,0,0,0,0,0,0,0,113031,113031
n000059,0,0,0,0,0,0,0,0,0,0,0,0,0,0,0,113031,113031
n000060,0,0,0,0,0,0,0,0,0,0,0,0,0,0,0,113031,113031
n000061,0,0,0,0,0,0,0,0,0,0,0,0,0,0,0,113031,113031
n000062,0,0,0,0,0,0,0,0,0,0,0,0,0,0,0,113031,113031
n000063,0,0,0,0,0,0,0,0,0,0,0,0,0,0,0,113031,113031
n000064,0,0,0,0,0,0,0,0,0,0,0,0,0,0,0,113031,113031
n000065,0,0,0,0,0,0,0,0,0,0,0,0,0,0,0,113031,113031
n000066,0,0,0,0,0,0,0,0,0,0,0,0,0,0,0,113031,113031
n000067,0,0,0,0,0,0,0,0,0,0,0,0,0,0,0,113031,113031
n000068,0,0,0,0,0,0,0,0,0,0,0,0,0,0,0,113031,113031
n000069,0,0,0,0,0,0,0,0,0,0,0,0,0,0,0,113031,113031
n000070,0,0,0,0,0,0,0,0,0,0,0,0,0,0,0,113031,113031
n000071,0,0,0,0,0,0,0,0,0,0,0,0,0,0,0,113031.01,113031
n000072,0,0,0,0,0,0,0,0,0,0,0,0,0,0,0,113031.01,113031
n000073,0,0,0,0,0,0,0,0,0,0,0,0,0,0,0,113031.01,113031
n000074,0,0,0,0,0,0,0,0,0,0,0,0,0,0,0,113031.01,113031
n000075,0,0,0,0,0,0,0,0,0,0,0,0,0,0,0,113031.01,113031
n000076,0,0,0,0,0,0,0,0,0,0,0,0,0,0,0,113031.01,113031
n000077,0,0,0,0,0,0,0,0,0,0,0,0,0,0,0,113031.01,113031
n000078,0,0,0,0,0,0,0,0,0,0,0,0,0,0,0,113031.01,113031
n000079,0,0,0,0,0,0,0,0,0,0,0,0,0,0,0,113031.01,113031
n000080,0,0,0,0,0,0,0,0,0,0,0,0,0,0,0,113031.01,113031
n000081,0,0,0,0,0,0,0,0,0,0,0,0,0,0,0,113031.01,113031
n000082,0,0,0,0,0,0,0,0,0,0,0,0,0,0,0,113031.01,113031
n000083,0,0,0,0,0,0,0,0,0,0,0,0,0,0,0,113031.01,113031
n000084,0,0,0,0,0,0,0,0,0,0,0,0,0,0,0,113031.01,113031
n000085,0,0,0,0,0,0,0,0,0,0,0,0,0,0,0,113031.01,113031
n000086,0,0,0,0,0,0,0,0,0,0,0,0,0,0,0,113031.01,113031
n000087,0,0,0,0,0,0,0,0,0,0,0,0,0,0,0,113031.01,113031
n000088,0,0,0,0,0,0,0,0,0,0,0,0,0,0,0,113031.01,113031
n000089,0,0,0,0,0,0,0,0,0,0,0,0,0,0,0,113031.01,113031
n000090,0,0,0,0,0,0,0,0,0,0,0,0,0,0,0,113031.01,113031
n000091,0,0,0,0,0,0,0,0,0,0,0,0,0,0,0,113031.01,113031
n000092,0,0,0,0,0,0,0,0,0,0,0,0,0,0,0,113031.01,113031
n000093,0,0,0,0,0,0,0,0,0,0,0,0,0,0,0,113031.01,113031
n000094,0,0,0,0,0,0,0,0,0,0,0,0,0,0,0,113031.01,113031
n000095,0,0,0,0,0,0,0,0,0,0,0,0,0,0,0,113031.01,113031
n000096,0,0,0,0,0,0,0,0,0,0,0,0,0,0,0,113031.01,113031
n000097,0,0,0,0,0,0,0,0,0,0,0,0,0,0,0,113031.01,113031
n000098,0,0,0,0,0,0,0,0,0,0,0,0,0,0,0,113031.01,113031
n000099,0,0,0,0,0,0,0,0,0,0,0,0,0,0,0,113031.01,113031
n000100,0,0,0,0,0,0,0,0,0,0,0,0,0,0,0,113031.01,113031
n000101,0,0,0,0,0,0,0,0,0,0,0,0,0,0,0,113031.01,113031
n000102,0,0,0,0,0,0,0,0,0,0,0,0,0,0,0,113031.01,113031
n000103,0,0,0,0,0,0,0,0,0,0,0,0,0,0,0,113031.01,113031
n000104,0,0,0,0,0,0,0,0,0,0,0,0,0,0,0,113031.01,113031
n000105,0,0,0,0,0,0,0,0,0,0,0,0,0,0,0,113031.01,113031
n000106,0,0,0,0,0,0,0,0,0,0,0,0,0,0,0,113031.01,113031
n000107,0,0,0,0,0,0,0,0,0,0,0,0,0,0,0,113031.01,113031
n000108,0,0,0,0,0,0,0,0,0,0,0,0,0,0,0,113031.01,113031
n000109,0,0,0,0,0,0,0,0,0,0,0,0,0,0,0,113031.01,113031
n000110,0,0,0,0,0,0,0,0,0,0,0,0,0,0,0,113031.01,113031
n000111,0,0,0,0,0,0,0,0,0,0,0,0,0,0,0,113031.01,113031
n000112,0,0,0,0,0,0,0,0,0,0,0,0,0,0,0,113031.01,113031
n000113,0,0,0,0,0,0,0,0,0,0,0,0,0,0,0,113031.01,113031
n000114,0,0,0,0,0,0,0,0,0,0,0,0,0,0,0,113031.01,113031
n000115,0,0,0,0,0,0,0,0,0,0,0,0,0,0,0,113031.01,113031
n000116,0,0,0,0,0,0,0,0,0,0,0,0,0,0,0,113031.01,113031
n000117,0,0,0,0,0,0,0,0,0,0,0,0,0,0,0,113031.01,113031
n000118,0,0,0,0,0,0,0,0,0,0,0,0,0,0,0,113031.01,113031
n000119,0,0,0,0,0,0,0,0,0,0,0,0,0,0,0,113031.01,113031
n000120,0,0,0,0,0,0,0,0,0,0,0,0,0,0,0,113031.01,113031
n000121,0,0,0,0,0,0,0,0,0,0,0,0,0,0,0,113031.01,113031
n000122,0,0,0,0,0,0,0,0,0,0,0,0,0,0,0,113031.01,113031
n000123,0,0,0,0,0,0,0,0,0,0,0,0,0,0,0,113031.01,113031
n000124,0,0,0,0,0,0,0,0,0,0,0,0,0,0,0,113031.01,113031
n000125,0,0,0,0,0,0,0,0,0,0,0,0,0,0,0,113031.01,113031
n000126,0,0,0,0,0,0,0,0,0,0,0,0,0,0,0,113031.01,113031
n000127,0,0,0,0,0,0,0,0,0,0,0,0,0,0,0,113031.01,113031
n000128,0,0,0,0,0,0,0,0,0,0,0,0,0,0,0,113031.01,113031
n000129,0,0,0,0,0,0,0,0,0,0,0,0,0,0,0,113031.01,113031
n000130,0,0,0,0,0,0,0,0,0,0,0,0,0,0,0,113031.01,113031
n000131,0,0,0,0,0,0,0,0,0,0,0,0,0,0,0,113031.01,113031
n000132,0,0,0,0,0,0,0,0,0,0,0,0,0,0,0,113031.01,113031
n000133,0,0,0,0,0,0,0,0,0,0,0,0,0,0,0,113031.01,113031
n000134,0,0,0,0,0,0,0,0,0,0,0,0,0,0,0,113031.01,113031
n000135,0,0,0,0,0,0,0,0,0,0,0,0,0,0,0,113031.01,113031
n000136,0,0,0,0,0,0,0,0,0,0,0,0,0,0,0,113031.01,113031
n000137,0,0,0,0,0,0,0,0,0,0,0,0,0,0,0,113031.01,113031
n000138,0,0,0,0,0,0,0,0,0,0,0,0,0,0,0,113031.01,113031
n000139,0,0,0,0,0,0,0,0,0,0,0,0,0,0,0,113031.01,113031
n000140,0,0,0,0,0,0,0,0,0,0,0,0,0,0,0,113031.01,113031
n000141,0,0,0,0,0,0,0,0,0,0,0,0,0,0,0,113031.03,113031
n000142,0,0,0,0,0,0,0,0,0,0,0,0,0,0,0,113031.03,113031
n000143,0,0,0,0,0,0,0,0,0,0,0,0,0,0,0,113031.03,113031
n000144,0,0,0,0,0,0,0,0,0,0,0,0,0,0,0,113031.03,113031
n000145,0,0,0,0,0,0,0,0,0,0,0,0,0,0,0,113031.03,113031
n000146,0,0,0,0,0,0,0,0,0,0,0,0,0,0,0,113031.03,113031
n000148,0,0,0,0,0,0,0,0,0,0,0,0,0,0,0,113031.03,113031
n000149,0,0,0,0,0,0,0,0,0,0,0,0,0,0,0,113031.03,113031
n000150,0,0,0,0,0,0,0,0,0,0,0,0,0,0,0,113031.03,113031
n000151,0,0,0,0,0,0,0,0,0,0,0,0,0,0,0,113031.03,113031
n000152,0,0,0,0,0,0,0,0,0,0,0,0,0,0,0,113031.03,113031
n000154,0,0,0,0,0,0,0,0,0,0,0,0,0,0,0,113031.03,113031
n000155,0,0,0,0,0,0,0,0,0,0,0,0,0,0,0,113031.03,113031
n000156,0,0,0,0,0,0,0,0,0,0,0,0,0,0,0,113031.03,113031
n000157,0,0,0,0,0,0,0,0,0,0,0,0,0,0,0,113031.03,113031
n000158,0,0,0,0,0,0,0,0,0,0,0,0,0,0,0,113031.03,113031
n000159,0,0,0,0,0,0,0,0,0,0,0,0,0,0,0,113031.03,113031
n000160,0,0,0,0,0,0,0,0,0,0,0,0,0,0,0,113031.03,113031
n000161,0,0,0,0,0,0,0,0,0,0,0,0,0,0,0,113031.03,113031
n000162,0,0,0,0,0,0,0,0,0,0,0,0,0,0,0,113031.03,113031
n000163,0,0,0,0,0,0,0,0,0,0,0,0,0,0,0,113031.03,113031
n000164,0,0,0,0,0,0,0,0,0,0,0,0,0,0,0,113031.03,113031
n000165,0,0,0,0,0,0,0,0,0,0,0,0,0,0,0,113031.03,113031
n000166,0,0,0,0,0,0,0,0,0,0,0,0,0,0,0,113031.03,113031
n000167,0,0,0,0,0,0,0,0,0,0,0,0,0,0,0,113031.03,113031
n000168,0,0,0,0,0,0,0,0,0,0,0,0,0,0,0,113031.03,113031
n000169,0,0,0,0,0,0,0,0,0,0,0,0,0,0,0,113031.03,113031
n000170,0,0,0,0,0,0,0,0,0,0,0,0,0,0,0,113031.03,113031
n000171,0,0,0,0,0,0,0,0,0,0,0,0,0,0,0,113031.03,113031
n000172,0,0,0,0,0,0,0,0,0,0,0,0,0,0,0,113031.03,113031
n000173,0,0,0,0,0,0,0,0,0,0,0,0,0,0,0,113031.03,113031
n000174,0,0,0,0,0,0,0,0,0,0,0,0,0,0,0,113031.03,113031
n000175,0,0,0,0,0,0,0,0,0,0,0,0,0,0,0,113031.03,113031
n000176,0,0,0,0,0,0,0,0,0,0,0,0,0,0,0,113031.03,113031
n000177,0,0,0,0,0,0,0,0,0,0,0,0,0,0,0,113031.03,113031
n000178,0,0,0,0,0,0,0,0,0,0,0,0,0,0,0,113031.03,113031
n000179,0,0,0,0,0,0,0,0,0,0,0,0,0,0,0,113031.03,113031
n000180,0,0,0,0,0,0,0,0,0,0,0,0,0,0,0,113031.03,113031
n000181,0,0,0,0,0,0,0,0,0,0,0,0,0,0,0,113031.03,113031
n000182,0,0,0,0,0,0,0,0,0,0,0,0,0,0,0,113031.03,113031
n000183,0,0,0,0,0,0,0,0,0,0,0,0,0,0,0,113031.03,113031
n000184,0,0,0,0,0,0,0,0,0,0,0,0,0,0,0,113031.03,113031
n000185,0,0,0,0,0,0,0,0,0,0,0,0,0,0,0,113031.03,113031
n000186,0,0,0,0,0,0,0,0,0,0,0,0,0,0,0,113031.03,113031
n000187,0,0,0,0,0,0,0,0,0,0,0,0,0,0,0,113031.03,113031
n000188,0,0,0,0,0,0,0,0,0,0,0,0,0,0,0,113031.03,113031
n000189,0,0,0,0,0,0,0,0,0,0,0,0,0,0,0,113031.03,113031
n000190,0,0,0,0,0,0,0,0,0,0,0,0,0,0,0,113031.03,113031
n000191,0,0,0,0,0,0,0,0,0,0,0,0,0,0,0,113031.03,113031
n000192,0,0,0,0,0,0,0,0,0,0,0,0,0,0,0,113031.03,113031
n000193,0,0,0,0,0,0,0,0,0,0,0,0,0,0,0,113031.03,113031
n000194,0,0,0,0,0,0,0,0,0,0,0,0,0,0,0,113031.03,113031
n000195,0,0,0,0,0,0,0,0,0,0,0,0,0,0,0,113031.03,113031
n000196,0,0,0,0,0,0,0,0,0,0,0,0,0,0,0,113031.03,113031
n000197,0,0,0,0,0,0,0,0,0,0,0,0,0,0,0,113031.03,113031
n000198,0,0,0,0,0,0,0,0,0,0,0,0,0,0,0,113031.03,113031
n000199,0,0,0,0,0,0,0,0,0,0,0,0,0,0,0,113031.03,113031
n000201,0,0,0,0,0,0,0,0,0,0,0,0,0,0,0,113031.03,113031
n000202,0,0,0,0,0,0,0,0,0,0,0,0,0,0,0,113031.03,113031
n000203,0,0,0,0,0,0,0,0,0,0,0,0,0,0,0,113031.03,113031
n000204,0,0,0,0,0,0,0,0,0,0,0,0,0,0,0,113031.03,113031
n000205,0,0,0,0,0,0,0,0,0,0,0,0,0,0,0,113031.03,113031
n000206,0,0,0,0,0,0,0,0,0,0,0,0,0,0,0,113031.03,113031
n000207,0,0,0,0,0,0,0,0,0,0,0,0,0,0,0,113031.03,113031
n000208,0,0,0,0,0,0,0,0,0,0,0,0,0,0,0,113031.03,113031
n000209,0,0,0,0,0,0,0,0,0,0,0,0,0,0,0,113031.03,113031
n000210,0,0,0,0,0,0,0,0,0,0,0,0,0,0,0,113031.03,113031
n000211,0,0,0,0,0,0,0,0,0,0,0,0,0,0,0,113031.03,113031
n000212,0,0,0,0,0,0,0,0,0,0,0,0,0,0,0,113031.03,113031
n000213,0,0,0,0,0,0,0,0,0,0,0,0,0,0,0,113031.03,113031
n000214,0,0,0,0,0,0,0,0,0,0,0,0,0,0,0,131199.04,131199
n000215,0,0,0,0,0,0,0,0,0,0,0,0,0,0,0,131199.04,131199
n000216,0,0,0,0,0,0,0,0,0,0,0,0,0,0,0,131199.04,131199
n000217,0,0,0,0,0,0,0,0,0,0,0,0,0,0,0,131199.04,131199
n000218,0,0,0,0,0,0,0,0,0,0,0,0,0,0,0,131199.04,131199
n000219,0,0,0,0,0,0,0,0,0,0,0,0,0,0,0,131199.04,131199
n000220,0,0,0,0,0,0,0,0,0,0,0,0,0,0,0,131199.04,131199
n000221,0,0,0,0,0,0,0,0,0,0,0,0,0,0,0,131199.04,131199
n000222,0,0,0,0,0,0,0,0,0,0,0,0,0,0,0,131199.04,131199
n000223,0,0,0,0,0,0,0,0,0,0,0,0,0,0,0,131199.04,131199
n000224,0,0,0,0,0,0,0,0,0,0,0,0,0,0,0,131199.04,131199
n000225,0,0,0,0,0,0,0,0,0,0,0,0,0,0,0,131199.04,131199
n000226,0,0,0,0,0,0,0,0,0,0,0,0,0,0,0,131199.04,131199
n000227,0,0,0,0,0,0,0,0,0,0,0,0,0,0,0,131199.04,131199
n000228,0,0,0,0,0,0,0,0,0,0,0,0,0,0,0,131199.04,131199
n000229,0,0,0,0,0,0,0,0,0,0,0,0,0,0,0,131199.04,131199
n000230,0,0,0,0,0,0,0,0,0,0,0,0,0,0,0,131199.04,131199
n000231,0,0,0,0,0,0,0,0,0,0,0,0,0,0,0,131199.04,131199
n000232,0,0,0,0,0,0,0,0,0,0,0,0,0,0,0,131199.04,131199
n000233,0,0,0,0,0,0,0,0,0,0,0,0,0,0,0,131199.04,131199
n000234,0,0,0,0,0,0,0,0,0,0,0,0,0,0,0,131199.04,131199
n000235,0,0,0,0,0,0,0,0,0,0,0,0,0,0,0,131199.04,131199
n000236,0,0,0,0,0,0,0,0,0,0,0,0,0,0,0,131199.04,131199
n000237,0,0,0,0,0,0,0,0,0,0,0,0,0,0,0,131199.04,131199
n000238,0,0,0,0,0,0,0,0,0,0,0,0,0,0,0,131199.04,131199
n000239,0,0,0,0,0,0,0,0,0,0,0,0,0,0,0,131199.04,131199
n000240,0,0,0,0,0,0,0,0,0,0,0,0,0,0,0,131199.04,131199
n000241,0,0,0,0,0,0,0,0,0,0,0,0,0,0,0,131199.04,131199
n000242,0,0,0,0,0,0,0,0,0,0,0,0,0,0,0,131199.04,131199
n000243,0,0,0,0,0,0,0,0,0,0,0,0,0,0,0,131199.04,131199
n000244,0,0,0,0,0,0,0,0,0,0,0,0,0,0,0,131199.04,131199
n000245,0,0,0,0,0,0,0,0,0,0,0,0,0,0,0,131199.04,131199
n000246,0,0,0,0,0,0,0,0,0,0,0,0,0,0,0,131199.04,131199
n000247,0,0,0,0,0,0,0,0,0,0,0,0,0,0,0,131199.04,131199
n000248,0,0,0,0,0,0,0,0,0,0,0,0,0,0,0,131199.04,131199
n000249,0,0,0,0,0,0,0,0,0,0,0,0,0,0,0,131199.04,131199
n000250,0,0,0,0,0,0,0,0,0,0,0,0,0,0,0,131199.04,131199
n000251,0,0,0,0,0,0,0,0,0,0,0,0,0,0,0,131199.04,131199
n000252,0,0,0,0,0,0,0,0,0,0,0,0,0,0,0,131199.04,131199
n000253,0,0,0,0,0,0,0,0,0,0,0,0,0,0,0,131199.04,131199
n000254,0,0,0,0,0,0,0,0,0,0,0,0,0,0,0,131199.04,131199
n000255,0,0,0,0,0,0,0,0,0,0,0,0,0,0,0,131199.04,131199
n000256,0,0,0,0,0,0,0,0,0,0,0,0,0,0,0,131199.04,131199
n000257,0,0,0,0,0,0,0,0,0,0,0,0,0,0,0,131199.04,131199
n000258,0,0,0,0,0,0,0,0,0,0,0,0,0,0,0,131199.04,131199
n000259,0,0,0,0,0,0,0,0,0,0,0,0,0,0,0,131199.04,131199
n000260,0,0,0,0,0,0,0,0,0,0,0,0,0,0,0,131199.04,131199
n000261,0,0,0,0,0,0,0,0,0,0,0,0,0,0,0,131199.04,131199
n000262,0,0,0,0,0,0,0,0,0,0,0,0,0,0,0,131199.04,131199
n000263,0,0,0,0,0,0,0,0,0,0,0,0,0,0,0,131199.04,131199
n000264,0,0,0,0,0,0,0,0,0,0,0,0,0,0,0,131199.04,131199
n000265,0,0,0,0,0,0,0,0,0,0,0,0,0,0,0,131199.04,131199
n000266,0,0,0,0,0,0,0,0,0,0,0,0,0,0,0,131199.04,131199
n000267,0,0,0,0,0,0,0,0,0,0,0,0,0,0,0,131199.04,131199
n000268,0,0,0,0,0,0,0,0,0,0,0,0,0,0,0,131199.04,131199
n000269,0,0,0,0,0,0,0,0,0,0,0,0,0,0,0,131199.04,131199
n000270,0,0,0,0,0,0,0,0,0,0,0,0,0,0,0,131199.04,131199
n000271,0,0,0,0,0,0,0,0,0,0,0,0,0,0,0,131199.04,131199
n000272,0,0,0,0,0,0,0,0,0,0,0,0,0,0,0,131199.04,131199
n000273,0,0,0,0,0,0,0,0,0,0,0,0,0,0,0,131199.04,131199
n000274,0,0,0,0,0,0,0,0,0,0,0,0,0,0,0,131199.04,131199
n000275,0,0,0,0,0,0,0,0,0,0,0,0,0,0,0,131199.04,131199
n000276,0,0,0,0,0,0,0,0,0,0,0,0,0,0,0,131199.04,131199
n000277,0,0,0,0,0,0,0,0,0,0,0,0,0,0,0,131199.04,131199
n000278,0,0,0,0,0,0,0,0,0,0,0,0,0,0,0,131199.04,131199
n000279,0,0,0,0,0,0,0,0,0,0,0,0,0,0,0,131199.04,131199
n000280,0,0,0,0,0,0,0,0,0,0,0,0,0,0,0,131199.04,131199
n000281,0,0,0,0,0,0,0,0,0,0,0,0,0,0,0,131199.04,131199
n000282,0,0,0,0,0,0,0,0,0,0,0,0,0,0,0,131199.04,131199
n000283,0,0,0,0,0,0,0,0,0,0,0,0,0,0,0,131199.04,131199
n000284,0,0,0,0,0,0,0,0,0,0,0,0,0,0,0,131199.05,131199
n000285,0,0,0,0,0,0,0,0,0,0,0,0,0,0,0,131199.05,131199
n000286,0,0,0,0,0,0,0,0,0,0,0,0,0,0,0,131199.05,131199
n000287,0,0,0,0,0,0,0,0,0,0,0,0,0,0,0,131199.05,131199
n000288,0,0,0,0,0,0,0,0,0,0,0,0,0,0,0,131199.05,131199
n000289,0,0,0,0,0,0,0,0,0,0,0,0,0,0,0,131199.05,131199
n000290,0,0,0,0,0,0,0,0,0,0,0,0,0,0,0,131199.05,131199
n000291,0,0,0,0,0,0,0,0,0,0,0,0,0,0,0,131199.05,131199
n000292,0,0,0,0,0,0,0,0,0,0,0,0,0,0,0,131199.05,131199
n000293,0,0,0,0,0,0,0,0,0,0,0,0,0,0,0,131199.05,131199
n000294,0,0,0,0,0,0,0,0,0,0,0,0,0,0,0,131199.05,131199
n000295,0,0,0,0,0,0,0,0,0,0,0,0,0,0,0,131199.05,131199
n000296,0,0,0,0,0,0,0,0,0,0,0,0,0,0,0,131199.05,131199
n000297,0,0,0,0,0,0,0,0,0,0,0,0,0,0,0,131199.05,131199
n000298,0,0,0,0,0,0,0,0,0,0,0,0,0,0,0,131199.05,131199
n000299,0,0,0,0,0,0,0,0,0,0,0,0,0,0,0,131199.05,131199
n000300,0,0,0,0,0,0,0,0,0,0,0,0,0,0,0,131199.05,131199
n000301,0,0,0,0,0,0,0,0,0,0,0,0,0,0,0,131199.05,131199
n000302,0,0,0,0,0,0,0,0,0,0,0,0,0,0,0,131199.05,131199
n000303,0,0,0,0,0,0,0,0,0,0,0,0,0,0,0,131199.05,131199
n000304,0,0,0,0,0,0,0,0,0,0,0,0,0,0,0,131199.05,131199
n000305,0,0,0,0,0,0,0,0,0,0,0,0,0,0,0,131199.05,131199
n000306,0,0,0,0,0,0,0,0,0,0,0,0,0,0,0,131199.05,131199
n000307,0,0,0,0,0,0,0,0,0,0,0,0,0,0,0,131199.05,131199
n000308,0,0,0,0,0,0,0,0,0,0,0,0,0,0,0,131199.05,131199
n000309,0,0,0,0,0,0,0,0,0,0,0,0,0,0,0,131199.05,131199
n000310,0,0,0,0,0,0,0,0,0,0,0,0,0,0,0,131199.05,131199
n000311,0,0,0,0,0,0,0,0,0,0,0,0,0,0,0,131199.05,131199
n000312,0,0,0,0,0,0,0,0,0,0,0,0,0,0,0,131199.05,131199
n000313,0,0,0,0,0,0,0,0,0,0,0,0,0,0,0,131199.05,131199
n000314,0,0,0,0,0,0,0,0,0,0,0,0,0,0,0,131199.05,131199
n000315,0,0,0,0,0,0,0,0,0,0,0,0,0,0,0,131199.05,131199
n000316,0,0,0,0,0,0,0,0,0,0,0,0,0,0,0,131199.05,131199
n000317,0,0,0,0,0,0,0,0,0,0,0,0,0,0,0,131199.05,131199
n000318,0,0,0,0,0,0,0,0,0,0,0,0,0,0,0,131199.05,131199
n000319,0,0,0,0,0,0,0,0,0,0,0,0,0,0,0,131199.05,131199
n000320,0,0,0,0,0,0,0,0,0,0,0,0,0,0,0,131199.05,131199
n000321,0,0,0,0,0,0,0,0,0,0,0,0,0,0,0,131199.05,131199
n000322,0,0,0,0,0,0,0,0,0,0,0,0,0,0,0,131199.05,131199
n000323,0,0,0,0,0,0,0,0,0,0,0,0,0,0,0,131199.05,131199
n000324,0,0,0,0,0,0,0,0,0,0,0,0,0,0,0,131199.05,131199
n000325,0,0,0,0,0,0,0,0,0,0,0,0,0,0,0,131199.05,131199
n000326,0,0,0,0,0,0,0,0,0,0,0,0,0,0,0,131199.05,131199
n000327,0,0,0,0,0,0,0,0,0,0,0,0,0,0,0,131199.05,131199
n000328,0,0,0,0,0,0,0,0,0,0,0,0,0,0,0,131199.05,131199
n000329,0,0,0,0,0,0,0,0,0,0,0,0,0,0,0,131199.05,131199
n000330,0,0,0,0,0,0,0,0,0,0,0,0,0,0,0,131199.05,131199
n000331,0,0,0,0,0,0,0,0,0,0,0,0,0,0,0,131199.05,131199
n000332,0,0,0,0,0,0,0,0,0,0,0,0,0,0,0,131199.05,131199
n000333,0,0,0,0,0,0,0,0,0,0,0,0,0,0,0,131199.05,131199
n000334,0,0,0,0,0,0,0,0,0,0,0,0,0,0,0,131199.05,131199
n000335,0,0,0,0,0,0,0,0,0,0,0,0,0,0,0,131199.05,131199
n000336,0,0,0,0,0,0,0,0,0,0,0,0,0,0,0,131199.05,131199
n000337,0,0,0,0,0,0,0,0,0,0,0,0,0,0,0,131199.05,131199
n000338,0,0,0,0,0,0,0,0,0,0,0,0,0,0,0,131199.05,131199
n000339,0,0,0,0,0,0,0,0,0,0,0,0,0,0,0,131199.05,131199
n000340,0,0,0,0,0,0,0,0,0,0,0,0,0,0,0,131199.05,131199
n000341,0,0,0,0,0,0,0,0,0,0,0,0,0,0,0,131199.05,131199
n000342,0,0,0,0,0,0,0,0,0,0,0,0,0,0,0,131199.05,131199
n000343,0,0,0,0,0,0,0,0,0,0,0,0,0,0,0,131199.05,131199
n000344,0,0,0,0,0,0,0,0,0,0,0,0,0,0,0,131199.05,131199
n000345,0,0,0,0,0,0,0,0,0,0,0,0,0,0,0,131199.05,131199
n000346,0,0,0,0,0,0,0,0,0,0,0,0,0,0,0,131199.05,131199
n000347,0,0,0,0,0,0,0,0,0,0,0,0,0,0,0,131199.05,131199
n000348,0,0,0,0,0,0,0,0,0,0,0,0,0,0,0,131199.05,131199
n000349,0,0,0,0,0,0,0,0,0,0,0,0,0,0,0,131199.05,131199
n000350,0,0,0,0,0,0,0,0,0,0,0,0,0,0,0,131199.05,131199
n000351,0,0,0,0,0,0,0,0,0,0,0,0,0,0,0,131199.05,131199
n000352,0,0,0,0,0,0,0,0,0,0,0,0,0,0,0,131199.05,131199
n000353,0,0,0,0,0,0,0,0,0,0,0,0,0,0,0,131199.05,131199
n000354,0,0,0,0,0,0,0,0,0,0,0,0,0,0,0,131199.06,131199
n000355,0,0,0,0,0,0,0,0,0,0,0,0,0,0,0,131199.06,131199
n000356,0,0,0,0,0,0,0,0,0,0,0,0,0,0,0,131199.06,131199
n000357,0,0,0,0,0,0,0,0,0,0,0,0,0,0,0,131199.06,131199
n000358,0,0,0,0,0,0,0,0,0,0,0,0,0,0,0,131199.06,131199
n000359,0,0,0,0,0,0,0,0,0,0,0,0,0,0,0,131199.06,131199
n000360,0,0,0,0,0,0,0,0,0,0,0,0,0,0,0,131199.06,131199
n000361,0,0,0,0,0,0,0,0,0,0,0,0,0,0,0,131199.06,131199
n000362,0,0,0,0,0,0,0,0,0,0,0,0,0,0,0,131199.06,131199
n000363,0,0,0,0,0,0,0,0,0,0,0,0,0,0,0,131199.06,131199
n000364,0,0,0,0,0,0,0,0,0,0,0,0,0,0,0,131199.06,131199
n000365,0,0,0,0,0,0,0,0,0,0,0,0,0,0,0,131199.06,131199
n000366,0,0,0,0,0,0,0,0,0,0,0,0,0,0,0,131199.06,131199
n000367,0,0,0,0,0,0,0,0,0,0,0,0,0,0,0,131199.06,131199
n000368,0,0,0,0,0,0,0,0,0,0,0,0,0,0,0,131199.06,131199
n000369,0,0,0,0,0,0,0,0,0,0,0,0,0,0,0,131199.06,131199
n000370,0,0,0,0,0,0,0,0,0,0,0,0,0,0,0,131199.06,131199
n000371,0,0,0,0,0,0,0,0,0,0,0,0,0,0,0,131199.06,131199
n000372,0,0,0,0,0,0,0,0,0,0,0,0,0,0,0,131199.06,131199
n000373,0,0,0,0,0,0,0,0,0,0,0,0,0,0,0,131199.06,131199
n000374,0,0,0,0,0,0,0,0,0,0,0,0,0,0,0,131199.06,131199
n000375,0,0,0,0,0,0,0,0,0,0,0,0,0,0,0,131199.06,131199
n000376,0,0,0,0,0,0,0,0,0,0,0,0,0,0,0,131199.06,131199
n000377,0,0,0,0,0,0,0,0,0,0,0,0,0,0,0,131199.06,131199
n000378,0,0,0,0,0,0,0,0,0,0,0,0,0,0,0,131199.06,131199
n000379,0,0,0,0,0,0,0,0,0,0,0,0,0,0,0,131199.06,131199
n000380,0,0,0,0,0,0,0,0,0,0,0,0,0,0,0,131199.06,131199
n000381,0,0,0,0,0,0,0,0,0,0,0,0,0,0,0,131199.06,131199
n000382,0,0,0,0,0,0,0,0,0,0,0,0,0,0,0,131199.06,131199
n000383,0,0,0,0,0,0,0,0,0,0,0,0,0,0,0,131199.06,131199
n000384,0,0,0,0,0,0,0,0,0,0,0,0,0,0,0,131199.06,131199
n000385,0,0,0,0,0,0,0,0,0,0,0,0,0,0,0,131199.06,131199
n000386,0,0,0,0,0,0,0,0,0,0,0,0,0,0,0,131199.06,131199
n000387,0,0,0,0,0,0,0,0,0,0,0,0,0,0,0,131199.06,131199
n000388,0,0,0,0,0,0,0,0,0,0,0,0,0,0,0,131199.06,131199
n000389,0,0,0,0,0,0,0,0,0,0,0,0,0,0,0,131199.06,131199
n000390,0,0,0,0,0,0,0,0,0,0,0,0,0,0,0,131199.06,131199
n000391,0,0,0,0,0,0,0,0,0,0,0,0,0,0,0,131199.06,131199
n000392,0,0,0,0,0,0,0,0,0,0,0,0,0,0,0,131199.06,131199
n000393,0,0,0,0,0,0,0,0,0,0,0,0,0,0,0,131199.06,131199
n000394,0,0,0,0,0,0,0,0,0,0,0,0,0,0,0,131199.06,131199
n000395,0,0,0,0,0,0,0,0,0,0,0,0,0,0,0,131199.06,131199
n000396,0,0,0,0,0,0,0,0,0,0,0,0,0,0,0,131199.06,131199
n000397,0,0,0,0,0,0,0,0,0,0,0,0,0,0,0,131199.06,131199
n000398,0,0,0,0,0,0,0,0,0,0,0,0,0,0,0,131199.06,131199
n000399,0,0,0,0,0,0,0,0,0,0,0,0,0,0,0,131199.06,131199
n000400,0,0,0,0,0,0,0,0,0,0,0,0,0,0,0,131199.06,131199
n000401,0,0,0,0,0,0,0,0,0,0,0,0,0,0,0,131199.06,131199
n000402,0,0,0,0,0,0,0,0,0,0,0,0,0,0,0,131199.06,131199
n000403,0,0,0,0,0,0,0,0,0,0,0,0,0,0,0,131199.06,131199
n000405,0,0,0,0,0,0,0,0,0,0,0,0,0,0,0,131199.06,131199
n000406,0,0,0,0,0,0,0,0,0,0,0,0,0,0,0,131199.06,131199
n000407,0,0,0,0,0,0,0,0,0,0,0,0,0,0,0,131199.06,131199
n000408,0,0,0,0,0,0,0,0,0,0,0,0,0,0,0,131199.06,131199
n000409,0,0,0,0,0,0,0,0,0,0,0,0,0,0,0,131199.06,131199
n000410,0,0,0,0,0,0,0,0,0,0,0,0,0,0,0,131199.06,131199
n000411,0,0,0,0,0,0,0,0,0,0,0,0,0,0,0,131199.06,131199
n000412,0,0,0,0,0,0,0,0,0,0,0,0,0,0,0,131199.06,131199
n000413,0,0,0,0,0,0,0,0,0,0,0,0,0,0,0,131199.06,131199
n000414,0,0,0,0,0,0,0,0,0,0,0,0,0,0,0,131199.06,131199
n000415,0,0,0,0,0,0,0,0,0,0,0,0,0,0,0,131199.06,131199
n000416,0,0,0,0,0,0,0,0,0,0,0,0,0,0,0,131199.06,131199
n000417,0,0,0,0,0,0,0,0,0,0,0,0,0,0,0,131199.06,131199
n000418,0,0,0,0,0,0,0,0,0,0,0,0,0,0,0,131199.06,131199
n000419,0,0,0,0,0,0,0,0,0,0,0,0,0,0,0,131199.06,131199
n000420,0,0,0,0,0,0,0,0,0,0,0,0,0,0,0,131199.06,131199
n000421,0,0,0,0,0,0,0,0,0,0,0,0,0,0,0,131199.06,131199
n000422,0,0,0,0,0,0,0,0,0,0,0,0,0,0,0,131199.06,131199
n000423,0,0,0,0,0,0,0,0,0,0,0,0,0,0,0,131199.06,131199
n000424,0,0,0,0,0,0,0,0,0,0,0,0,0,0,0,131199.06,131199
n000425,0,0,0,0,0,0,0,0,0,0,0,0,0,0,0,172051,172051
n000426,0,0,0,0,0,0,0,0,0,0,0,0,0,0,0,172051,172051
n000427,0,0,0,0,0,0,0,0,0,0,0,0,0,0,0,172051,172051
n000428,0,0,0,0,0,0,0,0,0,0,0,0,0,0,0,172051,172051
n000429,0,0,0,0,0,0,0,0,0,0,0,0,0,0,0,172051,172051
n000430,0,0,0,0,0,0,0,0,0,0,0,0,0,0,0,172051,172051
n000431,0,0,0,0,0,0,0,0,0,0,0,0,0,0,0,172051,172051
n000432,0,0,0,0,0,0,0,0,0,0,0,0,0,0,0,172051,172051
n000433,0,0,0,0,0,0,0,0,0,0,0,0,0,0,0,172051,172051
n000434,0,0,0,0,0,0,0,0,0,0,0,0,0,0,0,172051,172051
n000435,0,0,0,0,0,0,0,0,0,0,0,0,0,0,0,172051,172051
n000436,0,0,0,0,0,0,0,0,0,0,0,0,0,0,0,172051,172051
n000437,0,0,0,0,0,0,0,0,0,0,0,0,0,0,0,172051,172051
n000438,0,0,0,0,0,0,0,0,0,0,0,0,0,0,0,172051,172051
n000439,0,0,0,0,0,0,0,0,0,0,0,0,0,0,0,172051,172051
n000440,0,0,0,0,0,0,0,0,0,0,0,0,0,0,0,172051,172051
n000441,0,0,0,0,0,0,0,0,0,0,0,0,0,0,0,172051,172051
n000442,0,0,0,0,0,0,0,0,0,0,0,0,0,0,0,172051,172051
n000443,0,0,0,0,0,0,0,0,0,0,0,0,0,0,0,172051,172051
n000444,0,0,0,0,0,0,0,0,0,0,0,0,0,0,0,172051,172051
n000445,0,0,0,0,0,0,0,0,0,0,0,0,0,0,0,172051,172051
n000446,0,0,0,0,0,0,0,0,0,0,0,0,0,0,0,172051,172051
n000447,0,0,0,0,0,0,0,0,0,0,0,0,0,0,0,172051,172051
n000448,0,0,0,0,0,0,0,0,0,0,0,0,0,0,0,172051,172051
n000449,0,0,0,0,0,0,0,0,0,0,0,0,0,0,0,172051,172051
n000450,0,0,0,0,0,0,0,0,0,0,0,0,0,0,0,172051,172051
n000451,0,0,0,0,0,0,0,0,0,0,0,0,0,0,0,172051,172051
n000452,0,0,0,0,0,0,0,0,0,0,0,0,0,0,0,172051,172051
n000453,0,0,0,0,0,0,0,0,0,0,0,0,0,0,0,172051,172051
n000454,0,0,0,0,0,0,0,0,0,0,0,0,0,0,0,172051,172051
n000455,0,0,0,0,0,0,0,0,0,0,0,0,0,0,0,172051,172051
n000456,0,0,0,0,0,0,0,0,0,0,0,0,0,0,0,172051,172051
n000457,0,0,0,0,0,0,0,0,0,0,0,0,0,0,0,172051,172051
n000458,0,0,0,0,0,0,0,0,0,0,0,0,0,0,0,172051,172051
n000459,0,0,0,0,0,0,0,0,0,0,0,0,0,0,0,172051,172051
n000460,0,0,0,0,0,0,0,0,0,0,0,0,0,0,0,172051,172051
n000461,0,0,0,0,0,0,0,0,0,0,0,0,0,0,0,172051,172051
n000462,0,0,0,0,0,0,0,0,0,0,0,0,0,0,0,172051,172051
n000463,0,0,0,0,0,0,0,0,0,0,0,0,0,0,0,172051,172051
n000464,0,0,0,0,0,0,0,0,0,0,0,0,0,0,0,172051,172051
n000465,0,0,0,0,0,0,0,0,0,0,0,0,0,0,0,172051,172051
n000466,0,0,0,0,0,0,0,0,0,0,0,0,0,0,0,172051,172051
n000467,0,0,0,0,0,0,0,0,0,0,0,0,0,0,0,172051,172051
n000468,0,0,0,0,0,0,0,0,0,0,0,0,0,0,0,172051,172051
n000469,0,0,0,0,0,0,0,0,0,0,0,0,0,0,0,172051,172051
n000470,0,0,0,0,0,0,0,0,0,0,0,0,0,0,0,172051,172051
n000471,0,0,0,0,0,0,0,0,0,0,0,0,0,0,0,172051,172051
n000472,0,0,0,0,0,0,0,0,0,0,0,0,0,0,0,172051,172051
n000473,0,0,0,0,0,0,0,0,0,0,0,0,0,0,0,172051,172051
n000474,0,0,0,0,0,0,0,0,0,0,0,0,0,0,0,172051,172051
n000475,0,0,0,0,0,0,0,0,0,0,0,0,0,0,0,172051,172051
n000476,0,0,0,0,0,0,0,0,0,0,0,0,0,0,0,172051,172051
n000477,0,0,0,0,0,0,0,0,0,0,0,0,0,0,0,172051,172051
n000478,0,0,0,0,0,0,0,0,0,0,0,0,0,0,0,172051,172051
n000479,0,0,0,0,0,0,0,0,0,0,0,0,0,0,0,172051,172051
n000480,0,0,0,0,0,0,0,0,0,0,0,0,0,0,0,172051,172051
n000481,0,0,0,0,0,0,0,0,0,0,0,0,0,0,0,172051,172051
n000482,0,0,0,0,0,0,0,0,0,0,0,0,0,0,0,172051,172051
n000483,0,0,0,0,0,0,0,0,0,0,0,0,0,0,0,172051,172051
n000484,0,0,0,0,0,0,0,0,0,0,0,0,0,0,0,172051,172051
n000485,0,0,0,0,0,0,0,0,0,0,0,0,0,0,0,172051,172051
n000486,0,0,0,0,0,0,0,0,0,0,0,0,0,0,0,172051,172051
n000487,0,0,0,0,0,0,0,0,0,0,0,0,0,0,0,172051,172051
n000488,0,0,0,0,0,0,0,0,0,0,0,0,0,0,0,172051,172051
n000489,0,0,0,0,0,0,0,0,0,0,0,0,0,0,0,172051,172051
n000490,0,0,0,0,0,0,0,0,0,0,0,0,0,0,0,172051,172051
n000491,0,0,0,0,0,0,0,0,0,0,0,0,0,0,0,172051,172051
n000492,0,0,0,0,0,0,0,0,0,0,0,0,0,0,0,172051,172051
n000493,0,0,0,0,0,0,0,0,0,0,0,0,0,0,0,172051,172051
n000494,0,0,0,0,0,0,0,0,0,0,0,0,0,0,0,172051,172051
n000495,0,0,0,0,0,0,0,0,0,0,0,0,0,0,0,172051.01,172051
n000496,0,0,0,0,0,0,0,0,0,0,0,0,0,0,0,172051.01,172051
n000497,0,0,0,0,0,0,0,0,0,0,0,0,0,0,0,172051.01,172051
n000498,0,0,0,0,0,0,0,0,0,0,0,0,0,0,0,172051.01,172051
n000499,0,0,0,0,0,0,0,0,0,0,0,0,0,0,0,172051.01,172051
n000500,0,0,0,0,0,0,0,0,0,0,0,0,0,0,0,172051.01,172051
n000501,0,0,0,0,0,0,0,0,0,0,0,0,0,0,0,172051.01,172051
n000502,0,0,0,0,0,0,0,0,0,0,0,0,0,0,0,172051.01,172051
n000503,0,0,0,0,0,0,0,0,0,0,0,0,0,0,0,172051.01,172051
n000504,0,0,0,0,0,0,0,0,0,0,0,0,0,0,0,172051.01,172051
n000505,0,0,0,0,0,0,0,0,0,0,0,0,0,0,0,172051.01,172051
n000506,0,0,0,0,0,0,0,0,0,0,0,0,0,0,0,172051.01,172051
n000507,0,0,0,0,0,0,0,0,0,0,0,0,0,0,0,172051.01,172051
n000508,0,0,0,0,0,0,0,0,0,0,0,0,0,0,0,172051.01,172051
n000509,0,0,0,0,0,0,0,0,0,0,0,0,0,0,0,172051.01,172051
n000510,0,0,0,0,0,0,0,0,0,0,0,0,0,0,0,172051.01,172051
n000511,0,0,0,0,0,0,0,0,0,0,0,0,0,0,0,172051.01,172051
n000512,0,0,0,0,0,0,0,0,0,0,0,0,0,0,0,172051.01,172051
n000513,0,0,0,0,0,0,0,0,0,0,0,0,0,0,0,172051.01,172051
n000514,0,0,0,0,0,0,0,0,0,0,0,0,0,0,0,172051.01,172051
n000515,0,0,0,0,0,0,0,0,0,0,0,0,0,0,0,172051.01,172051
n000516,0,0,0,0,0,0,0,0,0,0,0,0,0,0,0,172051.01,172051
n000517,0,0,0,0,0,0,0,0,0,0,0,0,0,0,0,172051.01,172051
n000518,0,0,0,0,0,0,0,0,0,0,0,0,0,0,0,172051.01,172051
n000519,0,0,0,0,0,0,0,0,0,0,0,0,0,0,0,172051.01,172051
n000520,0,0,0,0,0,0,0,0,0,0,0,0,0,0,0,172051.01,172051
n000521,0,0,0,0,0,0,0,0,0,0,0,0,0,0,0,172051.01,172051
n000522,0,0,0,0,0,0,0,0,0,0,0,0,0,0,0,172051.01,172051
n000524,0,0,0,0,0,0,0,0,0,0,0,0,0,0,0,172051.01,172051
n000525,0,0,0,0,0,0,0,0,0,0,0,0,0,0,0,172051.01,172051
n000526,0,0,0,0,0,0,0,0,0,0,0,0,0,0,0,172051.01,172051
n000527,0,0,0,0,0,0,0,0,0,0,0,0,0,0,0,172051.01,172051
n000528,0,0,0,0,0,0,0,0,0,0,0,0,0,0,0,172051.01,172051
n000529,0,0,0,0,0,0,0,0,0,0,0,0,0,0,0,172051.01,172051
n000530,0,0,0,0,0,0,0,0,0,0,0,0,0,0,0,172051.01,172051
n000531,0,0,0,0,0,0,0,0,0,0,0,0,0,0,0,172051.01,172051
n000532,0,0,0,0,0,0,0,0,0,0,0,0,0,0,0,172051.01,172051
n000533,0,0,0,0,0,0,0,0,0,0,0,0,0,0,0,172051.01,172051
n000534,0,0,0,0,0,0,0,0,0,0,0,0,0,0,0,172051.01,172051
n000535,0,0,0,0,0,0,0,0,0,0,0,0,0,0,0,172051.01,172051
n000536,0,0,0,0,0,0,0,0,0,0,0,0,0,0,0,172051.01,172051
n000537,0,0,0,0,0,0,0,0,0,0,0,0,0,0,0,172051.01,172051
n000538,0,0,0,0,0,0,0,0,0,0,0,0,0,0,0,172051.01,172051
n000539,0,0,0,0,0,0,0,0,0,0,0,0,0,0,0,172051.01,172051
n000540,0,0,0,0,0,0,0,0,0,0,0,0,0,0,0,172051.01,172051
n000541,0,0,0,0,0,0,0,0,0,0,0,0,0,0,0,172051.01,172051
n000542,0,0,0,0,0,0,0,0,0,0,0,0,0,0,0,172051.01,172051
n000543,0,0,0,0,0,0,0,0,0,0,0,0,0,0,0,172051.01,172051
n000544,0,0,0,0,0,0,0,0,0,0,0,0,0,0,0,172051.01,172051
n000545,0,0,0,0,0,0,0,0,0,0,0,0,0,0,0,172051.01,172051
n000546,0,0,0,0,0,0,0,0,0,0,0,0,0,0,0,172051.01,172051
n000547,0,0,0,0,0,0,0,0,0,0,0,0,0,0,0,172051.01,172051
n000548,0,0,0,0,0,0,0,0,0,0,0,0,0,0,0,172051.01,172051
n000549,0,0,0,0,0,0,0,0,0,0,0,0,0,0,0,172051.01,172051
n000550,0,0,0,0,0,0,0,0,0,0,0,0,0,0,0,172051.01,172051
n000551,0,0,0,0,0,0,0,0,0,0,0,0,0,0,0,172051.01,172051
n000552,0,0,0,0,0,0,0,0,0,0,0,0,0,0,0,172051.01,172051
n000553,0,0,0,0,0,0,0,0,0,0,0,0,0,0,0,172051.01,172051
n000554,0,0,0,0,0,0,0,0,0,0,0,0,0,0,0,172051.01,172051
n000555,0,0,0,0,0,0,0,0,0,0,0,0,0,0,0,172051.01,172051
n000556,0,0,0,0,0,0,0,0,0,0,0,0,0,0,0,172051.01,172051
n000557,0,0,0,0,0,0,0,0,0,0,0,0,0,0,0,172051.01,172051
n000558,0,0,0,0,0,0,0,0,0,0,0,0,0,0,0,172051.01,172051
n000559,0,0,0,0,0,0,0,0,0,0,0,0,0,0,0,172051.01,172051
n000560,0,0,0,0,0,0,0,0,0,0,0,0,0,0,0,172051.01,172051
n000561,0,0,0,0,0,0,0,0,0,0,0,0,0,0,0,172051.01,172051
n000562,0,0,0,0,0,0,0,0,0,0,0,0,0,0,0,172051.01,172051
n000563,0,0,0,0,0,0,0,0,0,0,0,0,0,0,0,172051.01,172051
n000564,0,0,0,0,0,0,0,0,0,0,0,0,0,0,0,172051.01,172051
n000565,0,0,0,0,0,0,0,0,0,0,0,0,0,0,0,172051.01,172051
n000566,0,0,0,0,0,0,0,0,0,0,0,0,0,0,0,172051.02,172051
n000567,0,0,0,0,0,0,0,0,0,0,0,0,0,0,0,172051.02,172051
n000568,0,0,0,0,0,0,0,0,0,0,0,0,0,0,0,172051.02,172051
n000569,0,0,0,0,0,0,0,0,0,0,0,0,0,0,0,172051.02,172051
n000570,0,0,0,0,0,0,0,0,0,0,0,0,0,0,0,172051.02,172051
n000571,0,0,0,0,0,0,0,0,0,0,0,0,0,0,0,172051.02,172051
n000573,0,0,0,0,0,0,0,0,0,0,0,0,0,0,0,172051.02,172051
n000574,0,0,0,0,0,0,0,0,0,0,0,0,0,0,0,172051.02,172051
n000575,0,0,0,0,0,0,0,0,0,0,0,0,0,0,0,172051.02,172051
n000576,0,0,0,0,0,0,0,0,0,0,0,0,0,0,0,172051.02,172051
n000577,0,0,0,0,0,0,0,0,0,0,0,0,0,0,0,172051.02,172051
n000578,0,0,0,0,0,0,0,0,0,0,0,0,0,0,0,172051.02,172051
n000579,0,0,0,0,0,0,0,0,0,0,0,0,0,0,0,172051.02,172051
n000580,0,0,0,0,0,0,0,0,0,0,0,0,0,0,0,172051.02,172051
n000581,0,0,0,0,0,0,0,0,0,0,0,0,0,0,0,172051.02,172051
n000582,0,0,0,0,0,0,0,0,0,0,0,0,0,0,0,172051.02,172051
n000583,0,0,0,0,0,0,0,0,0,0,0,0,0,0,0,172051.02,172051
n000584,0,0,0,0,0,0,0,0,0,0,0,0,0,0,0,172051.02,172051
n000585,0,0,0,0,0,0,0,0,0,0,0,0,0,0,0,172051.02,172051
n000586,0,0,0,0,0,0,0,0,0,0,0,0,0,0,0,172051.02,172051
n000587,0,0,0,0,0,0,0,0,0,0,0,0,0,0,0,172051.02,172051
n000588,0,0,0,0,0,0,0,0,0,0,0,0,0,0,0,172051.02,172051
n000589,0,0,0,0,0,0,0,0,0,0,0,0,0,0,0,172051.02,172051
n000590,0,0,0,0,0,0,0,0,0,0,0,0,0,0,0,172051.02,172051
n000591,0,0,0,0,0,0,0,0,0,0,0,0,0,0,0,172051.02,172051
n000592,0,0,0,0,0,0,0,0,0,0,0,0,0,0,0,172051.02,172051
n000593,0,0,0,0,0,0,0,0,0,0,0,0,0,0,0,172051.02,172051
n000594,0,0,0,0,0,0,0,0,0,0,0,0,0,0,0,172051.02,172051
n000595,0,0,0,0,0,0,0,0,0,0,0,0,0,0,0,172051.02,172051
n000596,0,0,0,0,0,0,0,0,0,0,0,0,0,0,0,172051.02,172051
n000597,0,0,0,0,0,0,0,0,0,0,0,0,0,0,0,172051.02,172051
n000598,0,0,0,0,0,0,0,0,0,0,0,0,0,0,0,172051.02,172051
n000599,0,0,0,0,0,0,0,0,0,0,0,0,0,0,0,172051.02,172051
n000600,0,0,0,0,0,0,0,0,0,0,0,0,0,0,0,172051.02,172051
n000601,0,0,0,0,0,0,0,0,0,0,0,0,0,0,0,172051.02,172051
n000602,0,0,0,0,0,0,0,0,0,0,0,0,0,0,0,172051.02,172051
n000603,0,0,0,0,0,0,0,0,0,0,0,0,0,0,0,172051.02,172051
n000604,0,0,0,0,0,0,0,0,0,0,0,0,0,0,0,172051.02,172051
n000605,0,0,0,0,0,0,0,0,0,0,0,0,0,0,0,172051.02,172051
n000606,0,0,0,0,0,0,0,0,0,0,0,0,0,0,0,172051.02,172051
n000607,0,0,0,0,0,0,0,0,0,0,0,0,0,0,0,172051.02,172051
n000608,0,0,0,0,0,0,0,0,0,0,0,0,0,0,0,172051.02,172051
n000609,0,0,0,0,0,0,0,0,0,0,0,0,0,0,0,172051.02,172051
n000610,0,0,0,0,0,0,0,0,0,0,0,0,0,0,0,172051.02,172051
n000611,0,0,0,0,0,0,0,0,0,0,0,0,0,0,0,172051.02,172051
n000612,0,0,0,0,0,0,0,0,0,0,0,0,0,0,0,172051.02,172051
n000613,0,0,0,0,0,0,0,0,0,0,0,0,0,0,0,172051.02,172051
n000614,0,0,0,0,0,0,0,0,0,0,0,0,0,0,0,172051.02,172051
n000615,0,0,0,0,0,0,0,0,0,0,0,0,0,0,0,172051.02,172051
n000616,0,0,0,0,0,0,0,0,0,0,0,0,0,0,0,172051.02,172051
n000618,0,0,0,0,0,0,0,0,0,0,0,0,0,0,0,172051.02,172051
n000619,0,0,0,0,0,0,0,0,0,0,0,0,0,0,0,172051.02,172051
n000620,0,0,0,0,0,0,0,0,0,0,0,0,0,0,0,172051.02,172051
n000621,0,0,0,0,0,0,0,0,0,0,0,0,0,0,0,172051.02,172051
n000622,0,0,0,0,0,0,0,0,0,0,0,0,0,0,0,172051.02,172051
n000623,0,0,0,0,0,0,0,0,0,0,0,0,0,0,0,172051.02,172051
n000624,0,0,0,0,0,0,0,0,0,0,0,0,0,0,0,172051.02,172051
n000625,0,0,0,0,0,0,0,0,0,0,0,0,0,0,0,172051.02,172051
n000626,0,0,0,0,0,0,0,0,0,0,0,0,0,0,0,172051.02,172051
n000627,0,0,0,0,0,0,0,0,0,0,0,0,0,0,0,172051.02,172051
n000628,0,0,0,0,0,0,0,0,0,0,0,0,0,0,0,172051.02,172051
n000629,0,0,0,0,0,0,0,0,0,0,0,0,0,0,0,172051.02,172051
n000630,0,0,0,0,0,0,0,0,0,0,0,0,0,0,0,172051.02,172051
n000631,0,0,0,0,0,0,0,0,0,0,0,0,0,0,0,172051.02,172051
n000632,0,0,0,0,0,0,0,0,0,0,0,0,0,0,0,172051.02,172051
n000633,0,0,0,0,0,0,0,0,0,0,0,0,0,0,0,172051.02,172051
n000634,0,0,0,0,0,0,0,0,0,0,0,0,0,0,0,172051.02,172051
n000635,0,0,0,0,0,0,0,0,0,0,0,0,0,0,0,172051.02,172051
n000636,0,0,0,0,0,0,0,0,0,0,0,0,0,0,0,172051.02,172051
n000637,0,0,0,0,0,0,0,0,0,0,0,0,0,0,0,172051.02,172051
n000638,0,0,0,0,0,0,0,0,0,0,0,0,0,0,0,172141,172141
n000639,0,0,0,0,0,0,0,0,0,0,0,0,0,0,0,172141,172141
n000640,0,0,0,0,0,0,0,0,0,0,0,0,0,0,0,172141,172141
n000641,0,0,0,0,0,0,0,0,0,0,0,0,0,0,0,172141,172141
n000642,0,0,0,0,0,0,0,0,0,0,0,0,0,0,0,172141,172141
n000643,0,0,0,0,0,0,0,0,0,0,0,0,0,0,0,172141,172141
n000644,0,0,0,0,0,0,0,0,0,0,0,0,0,0,0,172141,172141
n000645,0,0,0,0,0,0,0,0,0,0,0,0,0,0,0,172141,172141
n000646,0,0,0,0,0,0,0,0,0,0,0,0,0,0,0,172141,172141
n000647,0,0,0,0,0,0,0,0,0,0,0,0,0,0,0,172141,172141
n000648,0,0,0,0,0,0,0,0,0,0,0,0,0,0,0,172141,172141
n000649,0,0,0,0,0,0,0,0,0,0,0,0,0,0,0,172141,172141
n000650,0,0,0,0,0,0,0,0,0,0,0,0,0,0,0,172141,172141
n000651,0,0,0,0,0,0,0,0,0,0,0,0,0,0,0,172141,172141
n000652,0,0,0,0,0,0,0,0,0,0,0,0,0,0,0,172141,172141
n000653,0,0,0,0,0,0,0,0,0,0,0,0,0,0,0,172141,172141
n000654,0,0,0,0,0,0,0,0,0,0,0,0,0,0,0,172141,172141
n000655,0,0,0,0,0,0,0,0,0,0,0,0,0,0,0,172141,172141
n000656,0,0,0,0,0,0,0,0,0,0,0,0,0,0,0,172141,172141
n000657,0,0,0,0,0,0,0,0,0,0,0,0,0,0,0,172141,172141
n000658,0,0,0,0,0,0,0,0,0,0,0,0,0,0,0,172141,172141
n000659,0,0,0,0,0,0,0,0,0,0,0,0,0,0,0,172141,172141
n000660,0,0,0,0,0,0,0,0,0,0,0,0,0,0,0,172141,172141
n000661,0,0,0,0,0,0,0,0,0,0,0,0,0,0,0,172141,172141
n000662,0,0,0,0,0,0,0,0,0,0,0,0,0,0,0,172141,172141
n000663,0,0,0,0,0,0,0,0,0,0,0,0,0,0,0,172141,172141
n000664,0,0,0,0,0,0,0,0,0,0,0,0,0,0,0,172141,172141
n000665,0,0,0,0,0,0,0,0,0,0,0,0,0,0,0,172141,172141
n000666,0,0,0,0,0,0,0,0,0,0,0,0,0,0,0,172141,172141
n000667,0,0,0,0,0,0,0,0,0,0,0,0,0,0,0,172141,172141
n000668,0,0,0,0,0,0,0,0,0,0,0,0,0,0,0,172141,172141
n000669,0,0,0,0,0,0,0,0,0,0,0,0,0,0,0,172141,172141
n000670,0,0,0,0,0,0,0,0,0,0,0,0,0,0,0,172141,172141
n000671,0,0,0,0,0,0,0,0,0,0,0,0,0,0,0,172141,172141
n000672,0,0,0,0,0,0,0,0,0,0,0,0,0,0,0,172141,172141
n000673,0,0,0,0,0,0,0,0,0,0,0,0,0,0,0,172141,172141
n000674,0,0,0,0,0,0,0,0,0,0,0,0,0,0,0,172141,172141
n000675,0,0,0,0,0,0,0,0,0,0,0,0,0,0,0,172141,172141
n000676,0,0,0,0,0,0,0,0,0,0,0,0,0,0,0,172141,172141
n000677,0,0,0,0,0,0,0,0,0,0,0,0,0,0,0,172141,172141
n000678,0,0,0,0,0,0,0,0,0,0,0,0,0,0,0,172141,172141
n000679,0,0,0,0,0,0,0,0,0,0,0,0,0,0,0,172141,172141
n000680,0,0,0,0,0,0,0,0,0,0,0,0,0,0,0,172141,172141
n000681,0,0,0,0,0,0,0,0,0,0,0,0,0,0,0,172141,172141
n000682,0,0,0,0,0,0,0,0,0,0,0,0,0,0,0,172141,172141
n000683,0,0,0,0,0,0,0,0,0,0,0,0,0,0,0,172141,172141
n000684,0,0,0,0,0,0,0,0,0,0,0,0,0,0,0,172141,172141
n000685,0,0,0,0,0,0,0,0,0,0,0,0,0,0,0,172141,172141
n000686,0,0,0,0,0,0,0,0,0,0,0,0,0,0,0,172141,172141
n000687,0,0,0,0,0,0,0,0,0,0,0,0,0,0,0,172141,172141
n000688,0,0,0,0,0,0,0,0,0,0,0,0,0,0,0,172141,172141
n000689,0,0,0,0,0,0,0,0,0,0,0,0,0,0,0,172141,172141
n000690,0,0,0,0,0,0,0,0,0,0,0,0,0,0,0,172141,172141
n000691,0,0,0,0,0,0,0,0,0,0,0,0,0,0,0,172141,172141
n000692,0,0,0,0,0,0,0,0,0,0,0,0,0,0,0,172141,172141
n000693,0,0,0,0,0,0,0,0,0,0,0,0,0,0,0,172141,172141
n000694,0,0,0,0,0,0,0,0,0,0,0,0,0,0,0,172141,172141
n000695,0,0,0,0,0,0,0,0,0,0,0,0,0,0,0,172141,172141
n000696,0,0,0,0,0,0,0,0,0,0,0,0,0,0,0,172141,172141
n000697,0,0,0,0,0,0,0,0,0,0,0,0,0,0,0,172141,172141
n000698,0,0,0,0,0,0,0,0,0,0,0,0,0,0,0,172141,172141
n000699,0,0,0,0,0,0,0,0,0,0,0,0,0,0,0,172141,172141
n000700,0,0,0,0,0,0,0,0,0,0,0,0,0,0,0,172141,172141
n000701,0,0,0,0,0,0,0,0,0,0,0,0,0,0,0,172141,172141
n000702,0,0,0,0,0,0,0,0,0,0,0,0,0,0,0,172141,172141
n000703,0,0,0,0,0,0,0,0,0,0,0,0,0,0,0,172141,172141
n000704,0,0,0,0,0,0,0,0,0,0,0,0,0,0,0,172141,172141
n000705,0,0,0,0,0,0,0,0,0,0,0,0,0,0,0,172141,172141
n000706,0,0,0,0,0,0,0,0,0,0,0,0,0,0,0,172141,172141
n000707,0,0,0,0,0,0,0,0,0,0,0,0,0,0,0,172141,172141
n000708,0,0,0,0,0,0,0,0,0,0,0,0,0,0,0,172141.01,172141
n000709,0,0,0,0,0,0,0,0,0,0,0,0,0,0,0,172141.01,172141
n000710,0,0,0,0,0,0,0,0,0,0,0,0,0,0,0,172141.01,172141
n000711,0,0,0,0,0,0,0,0,0,0,0,0,0,0,0,172141.01,172141
n000712,0,0,0,0,0,0,0,0,0,0,0,0,0,0,0,172141.01,172141
n000713,0,0,0,0,0,0,0,0,0,0,0,0,0,0,0,172141.01,172141
n000714,0,0,0,0,0,0,0,0,0,0,0,0,0,0,0,172141.01,172141
n000715,0,0,0,0,0,0,0,0,0,0,0,0,0,0,0,172141.01,172141
n000716,0,0,0,0,0,0,0,0,0,0,0,0,0,0,0,172141.01,172141
n000717,0,0,0,0,0,0,0,0,0,0,0,0,0,0,0,172141.01,172141
n000718,0,0,0,0,0,0,0,0,0,0,0,0,0,0,0,172141.01,172141
n000719,0,0,0,0,0,0,0,0,0,0,0,0,0,0,0,172141.01,172141
n000720,0,0,0,0,0,0,0,0,0,0,0,0,0,0,0,172141.01,172141
n000721,0,0,0,0,0,0,0,0,0,0,0,0,0,0,0,172141.01,172141
n000722,0,0,0,0,0,0,0,0,0,0,0,0,0,0,0,172141.01,172141
n000723,0,0,0,0,0,0,0,0,0,0,0,0,0,0,0,172141.01,172141
n000724,0,0,0,0,0,0,0,0,0,0,0,0,0,0,0,172141.01,172141
n000725,0,0,0,0,0,0,0,0,0,0,0,0,0,0,0,172141.01,172141
n000726,0,0,0,0,0,0,0,0,0,0,0,0,0,0,0,172141.01,172141
n000727,0,0,0,0,0,0,0,0,0,0,0,0,0,0,0,172141.01,172141
n000728,0,0,0,0,0,0,0,0,0,0,0,0,0,0,0,172141.01,172141
n000729,0,0,0,0,0,0,0,0,0,0,0,0,0,0,0,172141.01,172141
n000730,0,0,0,0,0,0,0,0,0,0,0,0,0,0,0,172141.01,172141
n000731,0,0,0,0,0,0,0,0,0,0,0,0,0,0,0,172141.01,172141
n000732,0,0,0,0,0,0,0,0,0,0,0,0,0,0,0,172141.01,172141
n000733,0,0,0,0,0,0,0,0,0,0,0,0,0,0,0,172141.01,172141
n000734,0,0,0,0,0,0,0,0,0,0,0,0,0,0,0,172141.01,172141
n000735,0,0,0,0,0,0,0,0,0,0,0,0,0,0,0,172141.01,172141
n000736,0,0,0,0,0,0,0,0,0,0,0,0,0,0,0,172141.01,172141
n000737,0,0,0,0,0,0,0,0,0,0,0,0,0,0,0,172141.01,172141
n000739,0,0,0,0,0,0,0,0,0,0,0,0,0,0,0,172141.01,172141
n000740,0,0,0,0,0,0,0,0,0,0,0,0,0,0,0,172141.01,172141
n000741,0,0,0,0,0,0,0,0,0,0,0,0,0,0,0,172141.01,172141
n000742,0,0,0,0,0,0,0,0,0,0,0,0,0,0,0,172141.01,172141
n000743,0,0,0,0,0,0,0,0,0,0,0,0,0,0,0,172141.01,172141
n000744,0,0,0,0,0,0,0,0,0,0,0,0,0,0,0,172141.01,172141
n000745,0,0,0,0,0,0,0,0,0,0,0,0,0,0,0,172141.01,172141
n000746,0,0,0,0,0,0,0,0,0,0,0,0,0,0,0,172141.01,172141
n000747,0,0,0,0,0,0,0,0,0,0,0,0,0,0,0,172141.01,172141
n000748,0,0,0,0,0,0,0,0,0,0,0,0,0,0,0,172141.01,172141
n000749,0,0,0,0,0,0,0,0,0,0,0,0,0,0,0,172141.01,172141
n000750,0,0,0,0,0,0,0,0,0,0,0,0,0,0,0,172141.01,172141
n000751,0,0,0,0,0,0,0,0,0,0,0,0,0,0,0,172141.01,172141
n000752,0,0,0,0,0,0,0,0,0,0,0,0,0,0,0,172141.01,172141
n000753,0,0,0,0,0,0,0,0,0,0,0,0,0,0,0,172141.01,172141
n000754,0,0,0,0,0,0,0,0,0,0,0,0,0,0,0,172141.01,172141
n000755,0,0,0,0,0,0,0,0,0,0,0,0,0,0,0,172141.01,172141
n000756,0,0,0,0,0,0,0,0,0,0,0,0,0,0,0,172141.01,172141
n000757,0,0,0,0,0,0,0,0,0,0,0,0,0,0,0,172141.01,172141
n000758,0,0,0,0,0,0,0,0,0,0,0,0,0,0,0,172141.01,172141
n000759,0,0,0,0,0,0,0,0,0,0,0,0,0,0,0,172141.01,172141
n000760,0,0,0,0,0,0,0,0,0,0,0,0,0,0,0,172141.01,172141
n000761,0,0,0,0,0,0,0,0,0,0,0,0,0,0,0,172141.01,172141
n000762,0,0,0,0,0,0,0,0,0,0,0,0,0,0,0,172141.01,172141
n000763,0,0,0,0,0,0,0,0,0,0,0,0,0,0,0,172141.01,172141
n000764,0,0,0,0,0,0,0,0,0,0,0,0,0,0,0,172141.01,172141
n000765,0,0,0,0,0,0,0,0,0,0,0,0,0,0,0,172141.01,172141
n000766,0,0,0,0,0,0,0,0,0,0,0,0,0,0,0,172141.01,172141
n000767,0,0,0,0,0,0,0,0,0,0,0,0,0,0,0,172141.01,172141
n000768,0,0,0,0,0,0,0,0,0,0,0,0,0,0,0,172141.01,172141
n000769,0,0,0,0,0,0,0,0,0,0,0,0,0,0,0,172141.01,172141
n000770,0,0,0,0,0,0,0,0,0,0,0,0,0,0,0,172141.01,172141
n000771,0,0,0,0,0,0,0,0,0,0,0,0,0,0,0,172141.01,172141
n000772,0,0,0,0,0,0,0,0,0,0,0,0,0,0,0,172141.01,172141
n000773,0,0,0,0,0,0,0,0,0,0,0,0,0,0,0,172141.01,172141
n000774,0,0,0,0,0,0,0,0,0,0,0,0,0,0,0,172141.01,172141
n000775,0,0,0,0,0,0,0,0,0,0,0,0,0,0,0,172141.01,172141
n000776,0,0,0,0,0,0,0,0,0,0,0,0,0,0,0,172141.01,172141
n000777,0,0,0,0,0,0,0,0,0,0,0,0,0,0,0,172141.01,172141
n000778,0,0,0,0,0,0,0,0,0,0,0,0,0,0,0,172141.01,172141
n000779,0,0,0,0,0,0,0,0,0,0,0,0,0,0,0,172141.02,172141
n000780,0,0,0,0,0,0,0,0,0,0,0,0,0,0,0,172141.02,172141
n000781,0,0,0,0,0,0,0,0,0,0,0,0,0,0,0,172141.02,172141
n000782,0,0,0,0,0,0,0,0,0,0,0,0,0,0,0,172141.02,172141
n000783,0,0,0,0,0,0,0,0,0,0,0,0,0,0,0,172141.02,172141
n000784,0,0,0,0,0,0,0,0,0,0,0,0,0,0,0,172141.02,172141
n000785,0,0,0,0,0,0,0,0,0,0,0,0,0,0,0,172141.02,172141
n000786,0,0,0,0,0,0,0,0,0,0,0,0,0,0,0,172141.02,172141
n000787,0,0,0,0,0,0,0,0,0,0,0,0,0,0,0,172141.02,172141
n000788,0,0,0,0,0,0,0,0,0,0,0,0,0,0,0,172141.02,172141
n000789,0,0,0,0,0,0,0,0,0,0,0,0,0,0,0,172141.02,172141
n000790,0,0,0,0,0,0,0,0,0,0,0,0,0,0,0,172141.02,172141
n000791,0,0,0,0,0,0,0,0,0,0,0,0,0,0,0,172141.02,172141
n000792,0,0,0,0,0,0,0,0,0,0,0,0,0,0,0,172141.02,172141
n000793,0,0,0,0,0,0,0,0,0,0,0,0,0,0,0,172141.02,172141
n000794,0,0,0,0,0,0,0,0,0,0,0,0,0,0,0,172141.02,172141
n000795,0,0,0,0,0,0,0,0,0,0,0,0,0,0,0,172141.02,172141
n000796,0,0,0,0,0,0,0,0,0,0,0,0,0,0,0,172141.02,172141
n000797,0,0,0,0,0,0,0,0,0,0,0,0,0,0,0,172141.02,172141
n000798,0,0,0,0,0,0,0,0,0,0,0,0,0,0,0,172141.02,172141
n000799,0,0,0,0,0,0,0,0,0,0,0,0,0,0,0,172141.02,172141
n000800,0,0,0,0,0,0,0,0,0,0,0,0,0,0,0,172141.02,172141
n000801,0,0,0,0,0,0,0,0,0,0,0,0,0,0,0,172141.02,172141
n000802,0,0,0,0,0,0,0,0,0,0,0,0,0,0,0,172141.02,172141
n000803,0,0,0,0,0,0,0,0,0,0,0,0,0,0,0,172141.02,172141
n000804,0,0,0,0,0,0,0,0,0,0,0,0,0,0,0,172141.02,172141
n000805,0,0,0,0,0,0,0,0,0,0,0,0,0,0,0,172141.02,172141
n000806,0,0,0,0,0,0,0,0,0,0,0,0,0,0,0,172141.02,172141
n000807,0,0,0,0,0,0,0,0,0,0,0,0,0,0,0,172141.02,172141
n000808,0,0,0,0,0,0,0,0,0,0,0,0,0,0,0,172141.02,172141
n000809,0,0,0,0,0,0,0,0,0,0,0,0,0,0,0,172141.02,172141
n000810,0,0,0,0,0,0,0,0,0,0,0,0,0,0,0,172141.02,172141
n000811,0,0,0,0,0,0,0,0,0,0,0,0,0,0,0,172141.02,172141
n000812,0,0,0,0,0,0,0,0,0,0,0,0,0,0,0,172141.02,172141
n000813,0,0,0,0,0,0,0,0,0,0,0,0,0,0,0,172141.02,172141
n000814,0,0,0,0,0,0,0,0,0,0,0,0,0,0,0,172141.02,172141
n000815,0,0,0,0,0,0,0,0,0,0,0,0,0,0,0,172141.02,172141
n000816,0,0,0,0,0,0,0,0,0,0,0,0,0,0,0,172141.02,172141
n000817,0,0,0,0,0,0,0,0,0,0,0,0,0,0,0,172141.02,172141
n000818,0,0,0,0,0,0,0,0,0,0,0,0,0,0,0,172141.02,172141
n000819,0,0,0,0,0,0,0,0,0,0,0,0,0,0,0,172141.02,172141
n000820,0,0,0,0,0,0,0,0,0,0,0,0,0,0,0,172141.02,172141
n000821,0,0,0,0,0,0,0,0,0,0,0,0,0,0,0,172141.02,172141
n000822,0,0,0,0,0,0,0,0,0,0,0,0,0,0,0,172141.02,172141
n000823,0,0,0,0,0,0,0,0,0,0,0,0,0,0,0,172141.02,172141
n000824,0,0,0,0,0,0,0,0,0,0,0,0,0,0,0,172141.02,172141
n000825,0,0,0,0,0,0,0,0,0,0,0,0,0,0,0,172141.02,172141
n000826,0,0,0,0,0,0,0,0,0,0,0,0,0,0,0,172141.02,172141
n000827,0,0,0,0,0,0,0,0,0,0,0,0,0,0,0,172141.02,172141
n000828,0,0,0,0,0,0,0,0,0,0,0,0,0,0,0,172141.02,172141
n000829,0,0,0,0,0,0,0,0,0,0,0,0,0,0,0,172141.02,172141
n000830,0,0,0,0,0,0,0,0,0,0,0,0,0,0,0,172141.02,172141
n000831,0,0,0,0,0,0,0,0,0,0,0,0,0,0,0,172141.02,172141
n000832,0,0,0,0,0,0,0,0,0,0,0,0,0,0,0,172141.02,172141
n000833,0,0,0,0,0,0,0,0,0,0,0,0,0,0,0,172141.02,172141
n000834,0,0,0,0,0,0,0,0,0,0,0,0,0,0,0,172141.02,172141
n000835,0,0,0,0,0,0,0,0,0,0,0,0,0,0,0,172141.02,172141
n000836,0,0,0,0,0,0,0,0,0,0,0,0,0,0,0,172141.02,172141
n000837,0,0,0,0,0,0,0,0,0,0,0,0,0,0,0,172141.02,172141
n000838,0,0,0,0,0,0,0,0,0,0,0,0,0,0,0,172141.02,172141
n000839,0,0,0,0,0,0,0,0,0,0,0,0,0,0,0,172141.02,172141
n000840,0,0,0,0,0,0,0,0,0,0,0,0,0,0,0,172141.02,172141
n000841,0,0,0,0,0,0,0,0,0,0,0,0,0,0,0,172141.02,172141
n000842,0,0,0,0,0,0,0,0,0,0,0,0,0,0,0,172141.02,172141
n000843,0,0,0,0,0,0,0,0,0,0,0,0,0,0,0,172141.02,172141
n000844,0,0,0,0,0,0,0,0,0,0,0,0,0,0,0,172141.02,172141
n000845,0,0,0,0,0,0,0,0,0,0,0,0,0,0,0,172141.02,172141
n000846,0,0,0,0,0,0,0,0,0,0,0,0,0,0,0,172141.02,172141
n000847,0,0,0,0,0,0,0,0,0,0,0,0,0,0,0,172141.02,172141
n000848,0,0,0,0,0,0,0,0,0,0,0,0,0,0,0,172141.02,172141
n000849,0,0,0,0,0,0,0,0,0,0,0,0,0,0,0,292099.01,292099
n000850,0,0,0,0,0,0,0,0,0,0,0,0,0,0,0,292099.01,292099
n000851,0,0,0,0,0,0,0,0,0,0,0,0,0,0,0,292099.01,292099
n000852,0,0,0,0,0,0,0,0,0,0,0,0,0,0,0,292099.01,292099
n000853,0,0,0,0,0,0,0,0,0,0,0,0,0,0,0,292099.01,292099
n000854,0,0,0,0,0,0,0,0,0,0,0,0,0,0,0,292099.01,292099
n000855,0,0,0,0,0,0,0,0,0,0,0,0,0,0,0,292099.01,292099
n000856,0,0,0,0,0,0,0,0,0,0,0,0,0,0,0,292099.01,292099
n000857,0,0,0,0,0,0,0,0,0,0,0,0,0,0,0,292099.01,292099
n000858,0,0,0,0,0,0,0,0,0,0,0,0,0,0,0,292099.01,292099
n000859,0,0,0,0,0,0,0,0,0,0,0,0,0,0,0,292099.01,292099
n000860,0,0,0,0,0,0,0,0,0,0,0,0,0,0,0,292099.01,292099
n000861,0,0,0,0,0,0,0,0,0,0,0,0,0,0,0,292099.01,292099
n000862,0,0,0,0,0,0,0,0,0,0,0,0,0,0,0,292099.01,292099
n000863,0,0,0,0,0,0,0,0,0,0,0,0,0,0,0,292099.01,292099
n000864,0,0,0,0,0,0,0,0,0,0,0,0,0,0,0,292099.01,292099
n000865,0,0,0,0,0,0,0,0,0,0,0,0,0,0,0,292099.01,292099
n000866,0,0,0,0,0,0,0,0,0,0,0,0,0,0,0,292099.01,292099
n000867,0,0,0,0,0,0,0,0,0,0,0,0,0,0,0,292099.01,292099
n000868,0,0,0,0,0,0,0,0,0,0,0,0,0,0,0,292099.01,292099
n000869,0,0,0,0,0,0,0,0,0,0,0,0,0,0,0,292099.01,292099
n000870,0,0,0,0,0,0,0,0,0,0,0,0,0,0,0,292099.01,292099
n000871,0,0,0,0,0,0,0,0,0,0,0,0,0,0,0,292099.01,292099
n000872,0,0,0,0,0,0,0,0,0,0,0,0,0,0,0,292099.01,292099
n000873,0,0,0,0,0,0,0,0,0,0,0,0,0,0,0,292099.01,292099
n000874,0,0,0,0,0,0,0,0,0,0,0,0,0,0,0,292099.01,292099
n000875,0,0,0,0,0,0,0,0,0,0,0,0,0,0,0,292099.01,292099
n000876,0,0,0,0,0,0,0,0,0,0,0,0,0,0,0,292099.01,292099
n000878,0,0,0,0,0,0,0,0,0,0,0,0,0,0,0,292099.01,292099
n000879,0,0,0,0,0,0,0,0,0,0,0,0,0,0,0,292099.01,292099
n000880,0,0,0,0,0,0,0,0,0,0,0,0,0,0,0,292099.01,292099
n000881,0,0,0,0,0,0,0,0,0,0,0,0,0,0,0,292099.01,292099
n000882,0,0,0,0,0,0,0,0,0,0,0,0,0,0,0,292099.01,292099
n000883,0,0,0,0,0,0,0,0,0,0,0,0,0,0,0,292099.01,292099
n000884,0,0,0,0,0,0,0,0,0,0,0,0,0,0,0,292099.01,292099
n000885,0,0,0,0,0,0,0,0,0,0,0,0,0,0,0,292099.01,292099
n000886,0,0,0,0,0,0,0,0,0,0,0,0,0,0,0,292099.01,292099
n000887,0,0,0,0,0,0,0,0,0,0,0,0,0,0,0,292099.01,292099
n000888,0,0,0,0,0,0,0,0,0,0,0,0,0,0,0,292099.01,292099
n000889,0,0,0,0,0,0,0,0,0,0,0,0,0,0,0,292099.01,292099
n000890,0,0,0,0,0,0,0,0,0,0,0,0,0,0,0,292099.01,292099
n000891,0,0,0,0,0,0,0,0,0,0,0,0,0,0,0,292099.01,292099
n000892,0,0,0,0,0,0,0,0,0,0,0,0,0,0,0,292099.01,292099
n000893,0,0,0,0,0,0,0,0,0,0,0,0,0,0,0,292099.01,292099
n000894,0,0,0,0,0,0,0,0,0,0,0,0,0,0,0,292099.01,292099
n000895,0,0,0,0,0,0,0,0,0,0,0,0,0,0,0,292099.01,292099
n000896,0,0,0,0,0,0,0,0,0,0,0,0,0,0,0,292099.01,292099
n000897,0,0,0,0,0,0,0,0,0,0,0,0,0,0,0,292099.01,292099
n000898,0,0,0,0,0,0,0,0,0,0,0,0,0,0,0,292099.01,292099
n000899,0,0,0,0,0,0,0,0,0,0,0,0,0,0,0,292099.01,292099
n000900,0,0,0,0,0,0,0,0,0,0,0,0,0,0,0,292099.01,292099
n000901,0,0,0,0,0,0,0,0,0,0,0,0,0,0,0,292099.01,292099
n000902,0,0,0,0,0,0,0,0,0,0,0,0,0,0,0,292099.01,292099
n000903,0,0,0,0,0,0,0,0,0,0,0,0,0,0,0,292099.01,292099
n000904,0,0,0,0,0,0,0,0,0,0,0,0,0,0,0,292099.01,292099
n000905,0,0,0,0,0,0,0,0,0,0,0,0,0,0,0,292099.01,292099
n000906,0,0,0,0,0,0,0,0,0,0,0,0,0,0,0,292099.01,292099
n000907,0,0,0,0,0,0,0,0,0,0,0,0,0,0,0,292099.01,292099
n000908,0,0,0,0,0,0,0,0,0,0,0,0,0,0,0,292099.01,292099
n000909,0,0,0,0,0,0,0,0,0,0,0,0,0,0,0,292099.01,292099
n000910,0,0,0,0,0,0,0,0,0,0,0,0,0,0,0,292099.01,292099
n000911,0,0,0,0,0,0,0,0,0,0,0,0,0,0,0,292099.01,292099
n000912,0,0,0,0,0,0,0,0,0,0,0,0,0,0,0,292099.01,292099
n000913,0,0,0,0,0,0,0,0,0,0,0,0,0,0,0,292099.01,292099
n000914,0,0,0,0,0,0,0,0,0,0,0,0,0,0,0,292099.01,292099
n000915,0,0,0,0,0,0,0,0,0,0,0,0,0,0,0,292099.01,292099
n000916,0,0,0,0,0,0,0,0,0,0,0,0,0,0,0,292099.01,292099
n000917,0,0,0,0,0,0,0,0,0,0,0,0,0,0,0,292099.01,292099
n000918,0,0,0,0,0,0,0,0,0,0,0,0,0,0,0,292099.01,292099
n000919,0,0,0,0,0,0,0,0,0,0,0,0,0,0,0,292099.01,292099
n000920,0,0,0,0,0,0,0,0,0,0,0,0,0,0,0,292099.05,292099
n000921,0,0,0,0,0,0,0,0,0,0,0,0,0,0,0,292099.05,292099
n000922,0,0,0,0,0,0,0,0,0,0,0,0,0,0,0,292099.05,292099
n000923,0,0,0,0,0,0,0,0,0,0,0,0,0,0,0,292099.05,292099
n000924,0,0,0,0,0,0,0,0,0,0,0,0,0,0,0,292099.05,292099
n000925,0,0,0,0,0,0,0,0,0,0,0,0,0,0,0,292099.05,292099
n000926,0,0,0,0,0,0,0,0,0,0,0,0,0,0,0,292099.05,292099
n000927,0,0,0,0,0,0,0,0,0,0,0,0,0,0,0,292099.05,292099
n000928,0,0,0,0,0,0,0,0,0,0,0,0,0,0,0,292099.05,292099
n000929,0,0,0,0,0,0,0,0,0,0,0,0,0,0,0,292099.05,292099
n000930,0,0,0,0,0,0,0,0,0,0,0,0,0,0,0,292099.05,292099
n000931,0,0,0,0,0,0,0,0,0,0,0,0,0,0,0,292099.05,292099
n000932,0,0,0,0,0,0,0,0,0,0,0,0,0,0,0,292099.05,292099
n000933,0,0,0,0,0,0,0,0,0,0,0,0,0,0,0,292099.05,292099
n000934,0,0,0,0,0,0,0,0,0,0,0,0,0,0,0,292099.05,292099
n000935,0,0,0,0,0,0,0,0,0,0,0,0,0,0,0,292099.05,292099
n000937,0,0,0,0,0,0,0,0,0,0,0,0,0,0,0,292099.05,292099
n000938,0,0,0,0,0,0,0,0,0,0,0,0,0,0,0,292099.05,292099
n000939,0,0,0,0,0,0,0,0,0,0,0,0,0,0,0,292099.05,292099
n000940,0,0,0,0,0,0,0,0,0,0,0,0,0,0,0,292099.05,292099
n000941,0,0,0,0,0,0,0,0,0,0,0,0,0,0,0,292099.05,292099
n000942,0,0,0,0,0,0,0,0,0,0,0,0,0,0,0,292099.05,292099
n000943,0,0,0,0,0,0,0,0,0,0,0,0,0,0,0,292099.05,292099
n000944,0,0,0,0,0,0,0,0,0,0,0,0,0,0,0,292099.05,292099
n000945,0,0,0,0,0,0,0,0,0,0,0,0,0,0,0,292099.05,292099
n000946,0,0,0,0,0,0,0,0,0,0,0,0,0,0,0,292099.05,292099
n000947,0,0,0,0,0,0,0,0,0,0,0,0,0,0,0,292099.05,292099
n000948,0,0,0,0,0,0,0,0,0,0,0,0,0,0,0,292099.05,292099
n000949,0,0,0,0,0,0,0,0,0,0,0,0,0,0,0,292099.05,292099
n000950,0,0,0,0,0,0,0,0,0,0,0,0,0,0,0,292099.05,292099
n000951,0,0,0,0,0,0,0,0,0,0,0,0,0,0,0,292099.05,292099
n000952,0,0,0,0,0,0,0,0,0,0,0,0,0,0,0,292099.05,292099
n000953,0,0,0,0,0,0,0,0,0,0,0,0,0,0,0,292099.05,292099
n000954,0,0,0,0,0,0,0,0,0,0,0,0,0,0,0,292099.05,292099
n000955,0,0,0,0,0,0,0,0,0,0,0,0,0,0,0,292099.05,292099
n000956,0,0,0,0,0,0,0,0,0,0,0,0,0,0,0,292099.05,292099
n000957,0,0,0,0,0,0,0,0,0,0,0,0,0,0,0,292099.05,292099
n000958,0,0,0,0,0,0,0,0,0,0,0,0,0,0,0,292099.05,292099
n000959,0,0,0,0,0,0,0,0,0,0,0,0,0,0,0,292099.05,292099
n000960,0,0,0,0,0,0,0,0,0,0,0,0,0,0,0,292099.05,292099
n000961,0,0,0,0,0,0,0,0,0,0,0,0,0,0,0,292099.05,292099
n000962,0,0,0,0,0,0,0,0,0,0,0,0,0,0,0,292099.05,292099
n000963,0,0,0,0,0,0,0,0,0,0,0,0,0,0,0,292099.05,292099
n000964,0,0,0,0,0,0,0,0,0,0,0,0,0,0,0,292099.05,292099
n000965,0,0,0,0,0,0,0,0,0,0,0,0,0,0,0,292099.05,292099
n000966,0,0,0,0,0,0,0,0,0,0,0,0,0,0,0,292099.05,292099
n000967,0,0,0,0,0,0,0,0,0,0,0,0,0,0,0,292099.05,292099
n000968,0,0,0,0,0,0,0,0,0,0,0,0,0,0,0,292099.05,292099
n000969,0,0,0,0,0,0,0,0,0,0,0,0,0,0,0,292099.05,292099
n000970,0,0,0,0,0,0,0,0,0,0,0,0,0,0,0,292099.05,292099
n000971,0,0,0,0,0,0,0,0,0,0,0,0,0,0,0,292099.05,292099
n000972,0,0,0,0,0,0,0,0,0,0,0,0,0,0,0,292099.05,292099
n000973,0,0,0,0,0,0,0,0,0,0,0,0,0,0,0,292099.05,292099
n000974,0,0,0,0,0,0,0,0,0,0,0,0,0,0,0,292099.05,292099
n000975,0,0,0,0,0,0,0,0,0,0,0,0,0,0,0,292099.05,292099
n000976,0,0,0,0,0,0,0,0,0,0,0,0,0,0,0,292099.05,292099
n000977,0,0,0,0,0,0,0,0,0,0,0,0,0,0,0,292099.05,292099
n000978,0,0,0,0,0,0,0,0,0,0,0,0,0,0,0,292099.05,292099
n000979,0,0,0,0,0,0,0,0,0,0,0,0,0,0,0,292099.05,292099
n000980,0,0,0,0,0,0,0,0,0,0,0,0,0,0,0,292099.05,292099
n000981,0,0,0,0,0,0,0,0,0,0,0,0,0,0,0,292099.05,292099
n000982,0,0,0,0,0,0,0,0,0,0,0,0,0,0,0,292099.05,292099
n000983,0,0,0,0,0,0,0,0,0,0,0,0,0,0,0,292099.05,292099
n000984,0,0,0,0,0,0,0,0,0,0,0,0,0,0,0,292099.05,292099
n000985,0,0,0,0,0,0,0,0,0,0,0,0,0,0,0,292099.05,292099
n000986,0,0,0,0,0,0,0,0,0,0,0,0,0,0,0,292099.05,292099
n000987,0,0,0,0,0,0,0,0,0,0,0,0,0,0,0,292099.05,292099
n000988,0,0,0,0,0,0,0,0,0,0,0,0,0,0,0,292099.05,292099
n000989,0,0,0,0,0,0,0,0,0,0,0,0,0,0,0,292099.05,292099
n000990,0,0,0,0,0,0,0,0,0,0,0,0,0,0,0,292099.05,292099
n000991,0,0,0,0,0,0,0,0,0,0,0,0,0,0,0,292099.08,292099
n000992,0,0,0,0,0,0,0,0,0,0,0,0,0,0,0,292099.08,292099
n000993,0,0,0,0,0,0,0,0,0,0,0,0,0,0,0,292099.08,292099
n000994,0,0,0,0,0,0,0,0,0,0,0,0,0,0,0,292099.08,292099
n000995,0,0,0,0,0,0,0,0,0,0,0,0,0,0,0,292099.08,292099
n000996,0,0,0,0,0,0,0,0,0,0,0,0,0,0,0,292099.08,292099
n000997,0,0,0,0,0,0,0,0,0,0,0,0,0,0,0,292099.08,292099
n000998,0,0,0,0,0,0,0,0,0,0,0,0,0,0,0,292099.08,292099
n000999,0,0,0,0,0,0,0,0,0,0,0,0,0,0,0,292099.08,292099
n001000,0,0,0,0,0,0,0,0,0,0,0,0,0,0,0,292099.08,292099
n001001,0,0,0,0,0,0,0,0,0,0,0,0,0,0,0,292099.08,292099
n001002,0,0,0,0,0,0,0,0,0,0,0,0,0,0,0,292099.08,292099
n001003,0,0,0,0,0,0,0,0,0,0,0,0,0,0,0,292099.08,292099
n001004,0,0,0,0,0,0,0,0,0,0,0,0,0,0,0,292099.08,292099
n001005,0,0,0,0,0,0,0,0,0,0,0,0,0,0,0,292099.08,292099
n001006,0,0,0,0,0,0,0,0,0,0,0,0,0,0,0,292099.08,292099
n001007,0,0,0,0,0,0,0,0,0,0,0,0,0,0,0,292099.08,292099
n001008,0,0,0,0,0,0,0,0,0,0,0,0,0,0,0,292099.08,292099
n001009,0,0,0,0,0,0,0,0,0,0,0,0,0,0,0,292099.08,292099
n001010,0,0,0,0,0,0,0,0,0,0,0,0,0,0,0,292099.08,292099
n001011,0,0,0,0,0,0,0,0,0,0,0,0,0,0,0,292099.08,292099
n001012,0,0,0,0,0,0,0,0,0,0,0,0,0,0,0,292099.08,292099
n001014,0,0,0,0,0,0,0,0,0,0,0,0,0,0,0,292099.08,292099
n001015,0,0,0,0,0,0,0,0,0,0,0,0,0,0,0,292099.08,292099
n001016,0,0,0,0,0,0,0,0,0,0,0,0,0,0,0,292099.08,292099
n001017,0,0,0,0,0,0,0,0,0,0,0,0,0,0,0,292099.08,292099
n001018,0,0,0,0,0,0,0,0,0,0,0,0,0,0,0,292099.08,292099
n001019,0,0,0,0,0,0,0,0,0,0,0,0,0,0,0,292099.08,292099
n001021,0,0,0,0,0,0,0,0,0,0,0,0,0,0,0,292099.08,292099
n001023,0,0,0,0,0,0,0,0,0,0,0,0,0,0,0,292099.08,292099
n001024,0,0,0,0,0,0,0,0,0,0,0,0,0,0,0,292099.08,292099
n001025,0,0,0,0,0,0,0,0,0,0,0,0,0,0,0,292099.08,292099
n001026,0,0,0,0,0,0,0,0,0,0,0,0,0,0,0,292099.08,292099
n001027,0,0,0,0,0,0,0,0,0,0,0,0,0,0,0,292099.08,292099
n001028,0,0,0,0,0,0,0,0,0,0,0,0,0,0,0,292099.08,292099
n001029,0,0,0,0,0,0,0,0,0,0,0,0,0,0,0,292099.08,292099
n001030,0,0,0,0,0,0,0,0,0,0,0,0,0,0,0,292099.08,292099
n001031,0,0,0,0,0,0,0,0,0,0,0,0,0,0,0,292099.08,292099
n001032,0,0,0,0,0,0,0,0,0,0,0,0,0,0,0,292099.08,292099
n001033,0,0,0,0,0,0,0,0,0,0,0,0,0,0,0,292099.08,292099
n001034,0,0,0,0,0,0,0,0,0,0,0,0,0,0,0,292099.08,292099
n001035,0,0,0,0,0,0,0,0,0,0,0,0,0,0,0,292099.08,292099
n001036,0,0,0,0,0,0,0,0,0,0,0,0,0,0,0,292099.08,292099
n001037,0,0,0,0,0,0,0,0,0,0,0,0,0,0,0,292099.08,292099
n001038,0,0,0,0,0,0,0,0,0,0,0,0,0,0,0,292099.08,292099
n001039,0,0,0,0,0,0,0,0,0,0,0,0,0,0,0,292099.08,292099
n001040,0,0,0,0,0,0,0,0,0,0,0,0,0,0,0,292099.08,292099
n001041,0,0,0,0,0,0,0,0,0,0,0,0,0,0,0,292099.08,292099
n001042,0,0,0,0,0,0,0,0,0,0,0,0,0,0,0,292099.08,292099
n001043,0,0,0,0,0,0,0,0,0,0,0,0,0,0,0,292099.08,292099
n001044,0,0,0,0,0,0,0,0,0,0,0,0,0,0,0,292099.08,292099
n001045,0,0,0,0,0,0,0,0,0,0,0,0,0,0,0,292099.08,292099
n001046,0,0,0,0,0,0,0,0,0,0,0,0,0,0,0,292099.08,292099
n001047,0,0,0,0,0,0,0,0,0,0,0,0,0,0,0,292099.08,292099
n001048,0,0,0,0,0,0,0,0,0,0,0,0,0,0,0,292099.08,292099
n001049,0,0,0,0,0,0,0,0,0,0,0,0,0,0,0,292099.08,292099
n001050,0,0,0,0,0,0,0,0,0,0,0,0,0,0,0,292099.08,292099
n001051,0,0,0,0,0,0,0,0,0,0,0,0,0,0,0,292099.08,292099
n001052,0,0,0,0,0,0,0,0,0,0,0,0,0,0,0,292099.08,292099
n001053,0,0,0,0,0,0,0,0,0,0,0,0,0,0,0,292099.08,292099
n001054,0,0,0,0,0,0,0,0,0,0,0,0,0,0,0,292099.08,292099
n001055,0,0,0,0,0,0,0,0,0,0,0,0,0,0,0,292099.08,292099
n001056,0,0,0,0,0,0,0,0,0,0,0,0,0,0,0,292099.08,292099
n001057,0,0,0,0,0,0,0,0,0,0,0,0,0,0,0,292099.08,292099
n001058,0,0,0,0,0,0,0,0,0,0,0,0,0,0,0,292099.08,292099
n001059,0,0,0,0,0,0,0,0,0,0,0,0,0,0,0,292099.08,292099
n001060,0,0,0,0,0,0,0,0,0,0,0,0,0,0,0,292099.08,292099
n001061,0,0,0,0,0,0,0,0,0,0,0,0,0,0,0,292099.08,292099
n001062,0,0,0,0,0,0,0,0,0,0,0,0,0,0,0,292099.08,292099
n001063,0,0,0,0,0,0,0,0,0,0,0,0,0,0,0,292099.08,292099